chromosome,position,ref.base,mut.base,WT.residue,Mutated.residue,prot.Position,Revel.score,cancermuts.index
17,7579902,G,A,P,L,4,0.533,3
17,7579896,G,A,S,L,6,,6
17,7579894,C,G,D,H,7,,7
17,7579894,C,T,D,N,7,,8
17,7579888,T,C,S,G,9,0.489,11
17,7579887,C,T,S,N,9,0.367,12
17,7579885,C,T,V,I,10,0.474,14
17,7579882,C,T,E,K,11,0.525,15
17,7579882,C,G,E,Q,11,0.449,16
17,7579879,G,A,P,S,12,,17
17,7579876,G,A,P,S,13,0.723,20
17,7579872,A,G,L,P,14,0.789,21
17,7579866,T,A,Q,L,16,,23
17,7579854,G,A,S,L,20,,27
17,7579844,C,A,W,C,23,,30
17,7579717,G,C,P,A,27,,34
17,7579716,G,A,P,L,27,0.639,35
17,7579717,G,A,P,S,27,0.623,36
17,7579714,C,T,E,K,28,,38
17,7579713,T,A,E,V,28,,39
17,7579707,T,A,N,I,30,0.502,41
17,7579705,C,T,V,I,31,0.569,43
17,7579589,G,A,S,F,33,0.608,45
17,7579586,G,A,P,L,34,0.446,48
17,7579587,G,A,P,S,34,,49
17,7579581,G,C,P,A,36,,51
17,7579580,G,A,P,L,36,0.542,52
17,7579581,G,A,P,S,36,,53
17,7579572,C,A,A,S,39,,56
17,7579567,C,T,M,I,40,0.426,58
17,7579566,C,G,D,H,41,,60
17,7579563,C,T,D,N,42,,62
17,7579563,C,A,D,Y,42,,63
17,7579558,C,G,L,F,43,,64
17,7579559,A,C,L,W,43,,65
17,7579550,G,A,S,F,46,0.349,71
17,7579550,G,T,S,Y,46,,73
17,7579547,G,C,P,R,47,0.353,75
17,7579545,C,G,D,H,48,,78
17,7579545,C,T,D,N,48,,79
17,7579542,C,G,D,H,49,,80
17,7579542,C,T,D,N,49,0.235,81
17,7579541,T,A,D,V,49,,82
17,7579538,A,G,I,T,50,,84
17,7579529,C,A,W,L,53,,89
17,7579527,A,G,F,L,54,"0.370, 0.387",90
17,7579521,C,T,E,K,56,,92
17,7579518,C,T,D,N,57,0.219,94
17,7579515,G,T,P,T,58,0.302,99
17,7579512,C,G,G,R,59,,103
17,7579505,T,C,D,G,61,0.364,110
17,7579506,C,G,D,H,61,,111
17,7579503,C,T,E,K,62,,114
17,7579496,G,A,P,L,64,0.293,118
17,7579497,G,A,P,S,64,,119
17,7579497,G,T,P,T,64,0.237,120
17,7579493,C,G,R,T,65,,122
17,7579489,C,T,M,I,66,,123
17,7579490,A,C,M,R,66,0.338,124
17,7579488,G,C,P,A,67,0.244,125
17,7579488,G,A,P,S,67,0.220,128
17,7579485,C,T,E,K,68,,130
17,7579479,C,T,A,T,70,0.291,134
17,7579478,G,A,A,V,70,,135
17,7579476,G,C,P,A,71,0.367,136
17,7579475,G,A,P,L,71,,138
17,7579476,G,A,P,S,71,0.294,139
17,7579473,G,C,P,A,72,0.319,140
17,7579472,G,A,P,L,72,,143
17,7579472,G,C,P,R,72,0.368,144
17,7579473,G,A,P,S,72,0.314,145
17,7579470,C,G,V,L,73,,147
17,7579470,C,T,V,M,73,,148
17,7579467,C,A,A,S,74,,149
17,7579467,C,T,A,T,74,0.244,150
17,7579457,G,A,P,L,77,0.257,157
17,7579451,G,A,A,V,79,0.399,162
17,7579448,G,A,P,L,80,0.419,163
17,7579449,G,A,P,S,80,0.493,164
17,7579442,G,A,P,L,82,,166
17,7579440,C,G,A,P,83,,169
17,7579440,C,T,A,T,83,,170
17,7579439,G,A,A,V,83,,171
17,7579437,C,T,A,T,84,,173
17,7579434,G,C,P,A,85,0.397,175
17,7579434,G,A,P,S,85,,177
17,7579434,G,T,P,T,85,0.455,178
17,7579430,G,C,A,G,86,0.376,180
17,7579431,C,G,A,P,86,0.473,181
17,7579431,C,A,A,S,86,,182
17,7579427,G,A,P,L,87,,184
17,7579428,G,A,P,S,87,,186
17,7579421,G,A,P,L,89,,189
17,7579422,G,A,P,S,89,0.485,190
17,7579418,G,A,S,F,90,,191
17,7579419,A,G,S,P,90,0.433,193
17,7579419,A,T,S,T,90,0.450,194
17,7579415,C,G,W,S,91,,196
17,7579413,G,A,P,S,92,,200
17,7579413,G,T,P,T,92,0.434,201
17,7579410,G,C,L,V,93,,203
17,7579406,G,A,S,L,94,,204
17,7579403,G,A,S,F,95,,207
17,7579400,G,A,S,F,96,0.401,210
17,7579400,G,T,S,Y,96,,212
17,7579397,A,T,V,D,97,,214
17,7579398,C,A,V,F,97,,215
17,7579394,G,T,P,H,98,,218
17,7579394,G,A,P,L,98,0.943,219
17,7579395,G,A,P,S,98,0.952,220
17,7579391,G,A,S,F,99,0.748,222
17,7579383,T,C,T,A,102,,227
17,7579382,G,A,T,I,102,0.540,228
17,7579379,T,C,Y,C,103,,230
17,7579380,A,G,Y,H,103,,231
17,7579375,C,A,Q,H,104,0.336,232
17,7579376,T,A,Q,L,104,,233
17,7579374,C,A,G,C,105,,235
17,7579373,C,T,G,D,105,0.884,236
17,7579374,C,G,G,R,105,,238
17,7579374,C,T,G,S,105,0.883,239
17,7579373,C,A,G,V,105,0.919,240
17,7579370,C,A,S,I,106,,241
17,7579369,G,C,S,R,106,0.635,242
17,7579367,T,C,Y,C,107,0.883,243
17,7579368,A,C,Y,D,107,,244
17,7579367,T,G,Y,S,107,,247
17,7579364,C,G,G,A,108,,248
17,7579364,C,T,G,D,108,0.651,250
17,7579365,C,T,G,S,108,0.612,251
17,7579361,A,C,F,C,109,,252
17,7579362,A,T,F,I,109,,253
17,7579360,G,T,F,L,109,,254
17,7579361,A,G,F,S,109,0.952,255
17,7579362,A,C,F,V,109,0.875,256
17,7579361,A,T,F,Y,109,,257
17,7579359,G,A,R,C,110,,258
17,7579359,G,C,R,G,110,,259
17,7579358,C,T,R,H,110,0.592,260
17,7579358,C,A,R,L,110,,261
17,7579358,C,G,R,P,110,0.593,262
17,7579356,G,T,L,M,111,,264
17,7579355,A,G,L,P,111,0.864,265
17,7579355,A,T,L,Q,111,0.869,266
17,7579355,A,C,L,R,111,0.862,267
17,7579356,G,C,L,V,111,0.456,268
17,7579349,A,C,F,C,113,,273
17,7579350,A,T,F,I,113,,275
17,7579348,G,C,F,L,113,,276
17,7579350,A,G,F,L,113,,276
17,7579349,A,G,F,S,113,0.952,278
17,7579350,A,C,F,V,113,,279
17,7579345,C,A,L,F,114,,280
17,7579344,G,A,H,Y,115,,282
17,7579340,G,C,S,C,116,,284
17,7579340,G,A,S,F,116,,285
17,7579337,C,G,G,A,117,,287
17,7579337,C,A,G,V,117,,290
17,7579334,G,A,T,I,118,0.897,292
17,7579331,G,C,A,G,119,,295
17,7579329,T,C,K,E,120,,298
17,7579328,T,A,K,M,120,0.920,299
17,7579327,C,A,K,N,120,,300
17,7579329,T,G,K,Q,120,,301
17,7579328,T,C,K,R,120,0.861,302
17,7579325,G,T,S,Y,121,,306
17,7579317,A,C,C,G,124,,310
17,7579317,A,G,C,R,124,0.883,312
17,7579316,C,T,C,Y,124,0.713,315
17,7579314,T,C,T,A,125,0.943,316
17,7579313,G,T,T,K,125,0.963,318
17,7579313,G,A,T,M,125,,319
17,7579314,T,G,T,P,125,0.945,320
17,7579313,G,C,T,R,125,0.963,321
17,7578553,T,C,Y,C,126,0.981,322
17,7578554,A,C,Y,D,126,0.979,323
17,7578554,A,G,Y,H,126,,324
17,7578554,A,T,Y,N,126,0.965,325
17,7578553,T,G,Y,S,126,,326
17,7578550,G,C,S,C,127,,327
17,7578550,G,A,S,F,127,0.925,328
17,7578551,A,G,S,P,127,0.957,329
17,7578551,A,T,S,T,127,,330
17,7578550,G,T,S,Y,127,0.918,331
17,7578548,G,C,P,A,128,,332
17,7578548,G,A,P,S,128,,336
17,7578542,G,A,L,F,130,0.921,342
17,7578541,A,T,L,H,130,0.924,343
17,7578542,G,T,L,I,130,,344
17,7578541,A,G,L,P,130,0.927,345
17,7578541,A,C,L,R,130,0.918,346
17,7578542,G,C,L,V,130,0.887,347
17,7578539,T,C,N,D,131,,348
17,7578538,T,A,N,I,131,0.939,350
17,7578537,G,C,N,K,131,,351
17,7578537,G,T,N,K,131,,351
17,7578538,T,C,N,S,131,,352
17,7578538,T,G,N,T,131,,353
17,7578539,T,A,N,Y,131,0.879,354
17,7578536,T,C,K,E,132,0.968,355
17,7578535,T,A,K,M,132,,357
17,7578534,C,A,K,N,132,,358
17,7578534,C,G,K,N,132,,358
17,7578536,T,G,K,Q,132,,359
17,7578535,T,C,K,R,132,,360
17,7578535,T,G,K,T,132,,361
17,7578531,C,A,M,I,133,,363
17,7578531,C,T,M,I,133,,363
17,7578532,A,T,M,K,133,0.845,364
17,7578532,A,C,M,R,133,,366
17,7578532,A,G,M,T,133,,367
17,7578529,A,C,F,C,134,0.949,369
17,7578530,A,T,F,I,134,,370
17,7578528,A,C,F,L,134,"0.872, 0.942",371
17,7578528,A,T,F,L,134,"0.872, 0.942",371
17,7578530,A,G,F,L,134,"0.872, 0.942",371
17,7578529,A,G,F,S,134,0.942,372
17,7578530,A,C,F,V,134,,373
17,7578526,C,A,C,F,135,0.960,375
17,7578527,A,C,C,G,135,0.965,376
17,7578527,A,G,C,R,135,0.964,377
17,7578526,C,G,C,S,135,0.954,378
17,7578527,A,T,C,S,135,0.954,378
17,7578525,G,C,C,W,135,0.884,380
17,7578526,C,T,C,Y,135,0.955,381
17,7578524,G,C,Q,E,136,0.862,382
17,7578522,T,A,Q,H,136,0.946,383
17,7578522,T,G,Q,H,136,0.946,383
17,7578523,T,A,Q,L,136,,385
17,7578523,T,G,Q,P,136,0.964,386
17,7578520,A,T,L,Q,137,0.951,390
17,7578521,G,C,L,V,137,,391
17,7578518,C,G,A,P,138,,393
17,7578518,C,T,A,T,138,0.910,395
17,7578517,G,A,A,V,138,0.870,396
17,7578515,T,C,K,E,139,0.844,397
17,7578513,C,A,K,N,139,,398
17,7578513,C,G,K,N,139,,398
17,7578514,T,G,K,T,139,,401
17,7578512,T,C,T,A,140,0.806,402
17,7578511,G,A,T,I,140,,403
17,7578511,G,T,T,N,140,0.783,404
17,7578508,C,A,C,F,141,,408
17,7578509,A,C,C,G,141,,409
17,7578509,A,G,C,R,141,0.861,410
17,7578509,A,T,C,S,141,,411
17,7578508,C,G,C,S,141,,411
17,7578507,G,C,C,W,141,0.808,412
17,7578508,C,T,C,Y,141,0.897,413
17,7578505,G,A,P,L,142,,417
17,7578505,G,C,P,R,142,,418
17,7578506,G,A,P,S,142,0.887,419
17,7578502,A,G,V,A,143,0.574,421
17,7578502,A,T,V,E,143,,422
17,7578502,A,C,V,G,143,0.692,423
17,7578503,C,T,V,M,143,0.659,425
17,7578498,C,A,Q,H,144,0.708,426
17,7578498,C,G,Q,H,144,0.708,426
17,7578499,T,A,Q,L,144,0.764,428
17,7578499,T,G,Q,P,144,,429
17,7578496,A,G,L,P,145,,432
17,7578496,A,T,L,Q,145,,433
17,7578496,A,C,L,R,145,,434
17,7578492,C,G,W,C,146,,436
17,7578494,A,C,W,G,146,,437
17,7578493,C,G,W,S,146,0.521,440
17,7578490,A,G,V,A,147,,441
17,7578490,A,T,V,D,147,,442
17,7578490,A,C,V,G,147,,445
17,7578486,A,T,D,E,148,0.289,448
17,7578488,C,G,D,H,148,,450
17,7578488,C,T,D,N,148,,451
17,7578488,C,A,D,Y,148,,453
17,7578484,G,T,S,Y,149,,457
17,7578479,G,C,P,A,151,,462
17,7578478,G,T,P,H,151,0.870,464
17,7578478,G,A,P,L,151,0.771,465
17,7578478,G,C,P,R,151,0.912,466
17,7578479,G,A,P,S,151,0.898,467
17,7578479,G,T,P,T,151,0.911,468
17,7578475,G,A,P,L,152,,471
17,7578475,G,T,P,Q,152,0.843,472
17,7578475,G,C,P,R,152,0.853,473
17,7578476,G,A,P,S,152,0.863,474
17,7578476,G,T,P,T,152,,475
17,7578472,G,T,P,H,153,,478
17,7578472,G,A,P,L,153,0.370,479
17,7578473,G,A,P,S,153,,480
17,7578470,C,A,G,C,154,0.715,483
17,7578469,C,T,G,D,154,,484
17,7578470,C,T,G,S,154,0.638,487
17,7578469,C,A,G,V,154,0.754,488
17,7578467,T,C,T,A,155,0.337,489
17,7578466,G,A,T,I,155,,491
17,7578466,G,T,T,N,155,0.548,493
17,7578466,G,C,T,N,155,0.548,493
17,7578467,T,G,T,P,155,0.581,494
17,7578466,G,C,T,S,155,,495
17,7578464,G,A,R,C,156,0.493,496
17,7578464,G,C,R,G,156,0.580,497
17,7578463,C,T,R,H,156,0.627,498
17,7578463,C,A,R,L,156,,499
17,7578463,C,G,R,P,156,,500
17,7578464,G,T,R,S,156,,501
17,7578460,A,G,V,A,157,,502
17,7578460,A,T,V,D,157,,503
17,7578461,C,A,V,F,157,0.708,505
17,7578460,A,C,V,G,157,,506
17,7578461,C,T,V,I,157,,507
17,7578461,C,G,V,L,157,,508
17,7578458,G,A,R,C,158,0.835,509
17,7578458,G,C,R,G,158,0.862,511
17,7578457,C,T,R,H,158,0.844,512
17,7578457,C,A,R,L,158,0.891,513
17,7578457,C,G,R,P,158,,514
17,7578458,G,T,R,S,158,0.864,515
17,7578454,G,T,A,D,159,0.836,516
17,7578455,C,G,A,P,159,0.815,518
17,7578455,C,T,A,T,159,,520
17,7578454,G,A,A,V,159,0.774,521
17,7578450,C,A,M,I,160,,522
17,7578450,C,G,M,I,160,,522
17,7578450,C,T,M,I,160,,522
17,7578451,A,T,M,K,160,,523
17,7578451,A,C,M,R,160,,526
17,7578451,A,G,M,T,160,0.669,527
17,7578452,T,C,M,V,160,,528
17,7578448,G,T,A,D,161,0.908,529
17,7578449,C,G,A,P,161,,533
17,7578449,C,A,A,S,161,0.752,534
17,7578449,C,T,A,T,161,,535
17,7578448,G,A,A,V,161,0.803,536
17,7578446,T,A,I,F,162,,537
17,7578444,G,C,I,M,162,0.629,538
17,7578445,A,T,I,N,162,,539
17,7578445,A,C,I,S,162,,540
17,7578442,T,C,Y,C,163,,543
17,7578443,A,C,Y,D,163,0.906,544
17,7578443,A,G,Y,H,163,0.904,546
17,7578443,A,T,Y,N,163,0.907,547
17,7578442,T,G,Y,S,163,,548
17,7578440,T,C,K,E,164,0.875,549
17,7578439,T,A,K,M,164,,550
17,7578438,C,A,K,N,164,,551
17,7578438,C,G,K,N,164,,551
17,7578439,T,C,K,R,164,,553
17,7578439,T,G,K,T,164,,554
17,7578435,C,A,Q,H,165,,556
17,7578437,G,T,Q,K,165,,557
17,7578429,C,G,Q,H,167,,568
17,7578427,T,A,H,L,168,,573
17,7578427,T,G,H,P,168,0.526,575
17,7578427,T,C,H,R,168,,577
17,7578423,C,T,M,I,169,,580
17,7578425,T,A,M,L,169,,582
17,7578424,A,G,M,T,169,0.726,583
17,7578425,T,C,M,V,169,,584
17,7578421,G,T,T,K,170,,586
17,7578421,G,A,T,M,170,,587
17,7578417,C,G,E,D,171,0.597,592
17,7578418,T,C,E,G,171,0.917,593
17,7578419,C,T,E,K,171,0.873,594
17,7578415,A,G,V,A,172,,597
17,7578415,A,T,V,D,172,0.952,598
17,7578416,C,A,V,F,172,0.917,599
17,7578415,A,C,V,G,172,0.953,600
17,7578412,A,G,V,A,173,0.758,602
17,7578412,A,T,V,E,173,0.749,603
17,7578412,A,C,V,G,173,0.769,604
17,7578413,C,A,V,L,173,0.880,605
17,7578413,C,G,V,L,173,0.880,605
17,7578413,C,T,V,M,173,0.892,606
17,7578410,T,C,R,G,174,,610
17,7578409,C,G,R,T,174,,616
17,7578410,T,A,R,W,174,,617
17,7578407,G,A,R,C,175,,618
17,7578407,G,C,R,G,175,0.829,619
17,7578406,C,T,R,H,175,0.922,620
17,7578406,C,A,R,L,175,0.960,621
17,7578403,C,A,C,F,176,0.951,624
17,7578404,A,C,C,G,176,,625
17,7578404,A,G,C,R,176,,627
17,7578403,C,G,C,S,176,"0.945, 0.946",628
17,7578404,A,T,C,S,176,"0.945, 0.946",628
17,7578402,G,C,C,W,176,,630
17,7578403,C,T,C,Y,176,0.949,631
17,7578400,G,T,P,H,177,,633
17,7578400,G,A,P,L,177,0.865,635
17,7578400,G,C,P,R,177,,636
17,7578401,G,A,P,S,177,0.877,637
17,7578401,G,T,P,T,177,,638
17,7578398,G,C,H,D,178,,639
17,7578397,T,A,H,L,178,,640
17,7578398,G,T,H,N,178,0.722,641
17,7578397,T,G,H,P,178,0.918,642
17,7578396,G,C,H,Q,178,0.814,643
17,7578396,G,T,H,Q,178,0.814,643
17,7578395,G,C,H,D,179,0.916,645
17,7578394,T,A,H,L,179,0.882,646
17,7578395,G,T,H,N,179,0.902,647
17,7578394,T,G,H,P,179,0.911,648
17,7578393,A,C,H,Q,179,0.790,649
17,7578393,A,T,H,Q,179,0.790,649
17,7578394,T,C,H,R,179,0.935,650
17,7578395,G,A,H,Y,179,0.948,651
17,7578390,C,A,E,D,180,,652
17,7578390,C,G,E,D,180,,652
17,7578392,C,T,E,K,180,,654
17,7578389,G,A,R,C,181,0.891,656
17,7578388,C,T,R,H,181,0.797,658
17,7578388,C,G,R,P,181,,660
17,7578378,A,T,D,E,184,,671
17,7578380,C,G,D,H,184,0.700,673
17,7578380,C,T,D,N,184,,674
17,7578374,C,T,D,N,186,,686
17,7578371,C,A,G,C,187,,690
17,7578289,C,T,G,D,187,,691
17,7578371,C,G,G,R,187,,692
17,7578371,C,T,G,S,187,0.649,693
17,7578286,A,T,L,Q,188,,697
17,7578283,G,T,A,D,189,,699
17,7578284,C,G,A,P,189,,701
17,7578281,G,C,P,A,190,0.757,705
17,7578280,G,A,P,L,190,0.824,708
17,7578280,G,C,P,R,190,0.846,710
17,7578281,G,A,P,S,190,,711
17,7578281,G,T,P,T,190,0.822,712
17,7578277,G,T,P,H,191,,714
17,7578277,G,A,P,L,191,,715
17,7578278,G,A,P,S,191,0.722,717
17,7578273,C,A,Q,H,192,0.534,719
17,7578274,T,A,Q,L,192,,721
17,7578274,T,C,Q,R,192,0.677,722
17,7578272,G,C,H,D,193,,723
17,7578271,T,A,H,L,193,0.864,724
17,7578272,G,T,H,N,193,,725
17,7578271,T,G,H,P,193,0.870,726
17,7578270,A,C,H,Q,193,,727
17,7578270,A,T,H,Q,193,,727
17,7578271,T,C,H,R,193,0.884,728
17,7578272,G,A,H,Y,193,0.887,729
17,7578269,G,A,L,F,194,0.851,730
17,7578268,A,T,L,H,194,,731
17,7578269,G,T,L,I,194,,732
17,7578268,A,G,L,P,194,0.937,733
17,7578268,A,C,L,R,194,0.933,734
17,7578269,G,C,L,V,194,,735
17,7578266,T,A,I,F,195,0.904,736
17,7578264,G,C,I,M,195,0.755,739
17,7578265,A,T,I,N,195,0.840,740
17,7578265,A,C,I,S,195,0.865,741
17,7578265,A,G,I,T,195,0.851,742
17,7578266,T,C,I,V,195,,743
17,7578263,G,C,R,G,196,,744
17,7578262,C,A,R,L,196,,745
17,7578262,C,G,R,P,196,0.941,746
17,7578262,C,T,R,Q,196,,747
17,7578259,A,T,V,E,197,0.897,749
17,7578259,A,C,V,G,197,0.914,750
17,7578260,C,G,V,L,197,,751
17,7578260,C,A,V,L,197,,751
17,7578260,C,T,V,M,197,0.758,752
17,7578255,T,A,E,D,198,,754
17,7578256,T,C,E,G,198,,755
17,7578257,C,T,E,K,198,0.910,756
17,7578253,C,T,G,E,199,,760
17,7578253,C,A,G,V,199,0.899,765
17,7578251,T,A,N,Y,200,,771
17,7578245,G,A,R,C,202,,776
17,7578244,C,G,R,P,202,,780
17,7578241,A,T,V,E,203,,783
17,7578242,C,A,V,L,203,0.506,784
17,7578242,C,T,V,M,203,0.519,785
17,7578237,C,A,E,D,204,,787
17,7578237,C,G,E,D,204,,787
17,7578238,T,C,E,G,204,0.604,788
17,7578239,C,G,E,Q,204,,790
17,7578235,T,C,Y,C,205,0.873,792
17,7578236,A,C,Y,D,205,0.925,793
17,7578235,T,A,Y,F,205,,794
17,7578236,A,G,Y,H,205,,795
17,7578236,A,T,Y,N,205,0.897,796
17,7578235,T,G,Y,S,205,0.852,797
17,7578230,C,T,D,N,207,0.406,802
17,7578225,G,T,D,E,208,,804
17,7578226,T,C,D,G,208,0.944,805
17,7578227,C,T,D,N,208,,808
17,7578226,T,A,D,V,208,0.950,809
17,7578223,C,A,R,I,209,0.532,812
17,7578223,C,T,R,K,209,0.453,813
17,7578222,T,A,R,S,209,,814
17,7578223,C,G,R,T,209,,815
17,7578218,T,C,T,A,211,0.881,823
17,7578217,G,A,T,I,211,,824
17,7578217,G,T,T,N,211,,825
17,7578218,T,G,T,P,211,,826
17,7578217,G,C,T,S,211,,827
17,7578214,A,C,F,C,212,0.647,828
17,7578215,A,T,F,I,212,0.478,829
17,7578215,A,C,F,V,212,,832
17,7578212,G,C,R,G,213,,834
17,7578211,C,A,R,L,213,,835
17,7578211,C,G,R,P,213,0.951,836
17,7578211,C,T,R,Q,213,0.920,837
17,7578209,G,C,H,D,214,,840
17,7578208,T,A,H,L,214,,841
17,7578208,T,G,H,P,214,,842
17,7578207,A,C,H,Q,214,,843
17,7578208,T,C,H,R,214,0.885,844
17,7578209,G,A,H,Y,214,0.736,845
17,7578206,T,A,S,C,215,,846
17,7578206,T,C,S,G,215,0.896,847
17,7578205,C,A,S,I,215,0.913,848
17,7578205,C,T,S,N,215,0.785,850
17,7578204,A,C,S,R,215,"0.812, 0.917",851
17,7578204,A,T,S,R,215,"0.812, 0.917",851
17,7578206,T,G,S,R,215,"0.812, 0.917",851
17,7578205,C,G,S,T,215,,852
17,7578202,A,T,V,E,216,,854
17,7578202,A,C,V,G,216,0.980,855
17,7578203,C,A,V,L,216,0.948,856
17,7578203,C,G,V,L,216,0.948,856
17,7578203,C,T,V,M,216,0.956,857
17,7578199,A,G,V,A,217,,859
17,7578199,A,T,V,E,217,,860
17,7578199,A,C,V,G,217,0.731,861
17,7578200,C,G,V,L,217,,863
17,7578196,A,T,V,E,218,,866
17,7578196,A,C,V,G,218,0.972,867
17,7578197,C,A,V,L,218,,868
17,7578197,C,T,V,M,218,,869
17,7578193,G,T,P,H,219,,871
17,7578193,G,A,P,L,219,,872
17,7578193,G,C,P,R,219,,873
17,7578194,G,T,P,T,219,,875
17,7578190,T,C,Y,C,220,0.936,876
17,7578191,A,C,Y,D,220,0.934,877
17,7578191,A,G,Y,H,220,0.909,878
17,7578191,A,T,Y,N,220,0.910,880
17,7578190,T,G,Y,S,220,0.918,881
17,7578184,G,A,P,L,222,,888
17,7578181,G,A,P,L,223,0.634,894
17,7578182,G,A,P,S,223,0.765,896
17,7578182,G,T,P,T,223,,897
17,7578177,C,A,E,D,224,0.697,898
17,7578177,C,G,E,D,224,0.697,898
17,7578179,C,T,E,K,224,,900
17,7578179,C,G,E,Q,224,0.533,901
17,7578178,T,A,E,V,224,,902
17,7577607,A,G,V,A,225,0.449,903
17,7577608,C,T,V,I,225,0.388,907
17,7577604,C,T,G,D,226,,910
17,7577601,G,A,S,F,227,,914
17,7577602,A,G,S,P,227,0.681,915
17,7577597,G,C,D,E,228,,919
17,7577599,C,G,D,H,228,,921
17,7577599,C,T,D,N,228,0.546,922
17,7577599,C,A,D,Y,228,0.849,924
17,7577595,C,A,C,F,229,0.401,925
17,7577596,A,T,C,S,229,"0.535, 0.600",928
17,7577594,A,C,C,W,229,0.594,929
17,7577595,C,T,C,Y,229,,930
17,7577593,T,C,T,A,230,0.856,931
17,7577593,T,G,T,P,230,0.920,934
17,7577590,T,C,T,A,231,,936
17,7577589,G,T,T,N,231,,938
17,7577590,T,G,T,P,231,,939
17,7577587,T,A,I,F,232,,941
17,7577586,A,T,I,N,232,,944
17,7577586,A,C,I,S,232,0.935,945
17,7577586,A,G,I,T,232,0.920,946
17,7577584,G,A,H,Y,233,,953
17,7577580,T,C,Y,C,234,0.945,954
17,7577581,A,C,Y,D,234,0.876,955
17,7577581,A,G,Y,H,234,0.890,957
17,7577581,A,T,Y,N,234,0.941,958
17,7577580,T,G,Y,S,234,,961
17,7577578,T,C,N,D,235,0.912,962
17,7577576,G,C,N,K,235,,965
17,7577577,T,C,N,S,235,0.593,967
17,7577574,T,C,Y,C,236,0.811,970
17,7577575,A,C,Y,D,236,0.845,971
17,7577574,T,A,Y,F,236,0.468,972
17,7577575,A,G,Y,H,236,0.772,973
17,7577575,A,T,Y,N,236,,975
17,7577574,T,G,Y,S,236,,976
17,7577570,C,A,M,I,237,0.923,977
17,7577570,C,G,M,I,237,0.923,977
17,7577570,C,T,M,I,237,0.923,977
17,7577571,A,T,M,K,237,,978
17,7577572,T,A,M,L,237,,979
17,7577572,T,G,M,L,237,,979
17,7577571,A,C,M,R,237,0.948,980
17,7577572,T,C,M,V,237,0.937,982
17,7577568,C,A,C,F,238,0.958,983
17,7577569,A,C,C,G,238,0.938,984
17,7577569,A,G,C,R,238,,985
17,7577568,C,G,C,S,238,"0.946, 0.956",986
17,7577569,A,T,C,S,238,"0.946, 0.956",986
17,7577567,A,C,C,W,238,0.896,987
17,7577568,C,T,C,Y,238,0.957,988
17,7577566,T,C,N,D,239,0.948,989
17,7577566,T,G,N,H,239,,990
17,7577565,T,A,N,I,239,0.943,991
17,7577564,G,C,N,K,239,0.811,992
17,7577564,G,T,N,K,239,0.811,992
17,7577565,T,C,N,S,239,0.897,993
17,7577565,T,G,N,T,239,0.935,994
17,7577563,T,A,S,C,240,,996
17,7577563,T,C,S,G,240,0.872,998
17,7577561,A,C,S,R,240,,1001
17,7577561,A,T,S,R,240,,1001
17,7577563,T,G,S,R,240,,1001
17,7577560,A,C,S,A,241,,1003
17,7577559,G,C,S,C,241,,1004
17,7577559,G,A,S,F,241,0.958,1005
17,7577560,A,G,S,P,241,0.954,1006
17,7577560,A,T,S,T,241,,1007
17,7577559,G,T,S,Y,241,0.960,1009
17,7577556,C,A,C,F,242,0.977,1010
17,7577557,A,C,C,G,242,0.963,1011
17,7577557,A,G,C,R,242,0.966,1012
17,7577556,C,G,C,S,242,0.947,1013
17,7577557,A,T,C,S,242,0.947,1013
17,7577555,G,C,C,W,242,0.940,1014
17,7577556,C,T,C,Y,242,,1015
17,7577552,C,A,M,I,243,,1016
17,7577552,C,T,M,I,243,,1016
17,7577553,A,G,M,T,243,,1020
17,7577550,C,G,G,A,244,,1022
17,7577551,C,A,G,C,244,,1023
17,7577550,C,T,G,D,244,0.953,1024
17,7577551,C,G,G,R,244,0.942,1027
17,7577551,C,T,G,S,244,0.936,1028
17,7577550,C,A,G,V,244,,1029
17,7577547,C,G,G,A,245,,1030
17,7577548,C,A,G,C,245,0.970,1031
17,7577547,C,T,G,D,245,0.974,1032
17,7577548,C,G,G,R,245,0.961,1039
17,7577548,C,T,G,S,245,0.947,1040
17,7577547,C,A,G,V,245,0.972,1041
17,7577543,C,A,M,I,246,0.838,1043
17,7577543,C,G,M,I,246,0.838,1043
17,7577543,C,T,M,I,246,0.838,1043
17,7577544,A,T,M,K,246,0.963,1044
17,7577545,T,A,M,L,246,0.865,1045
17,7577545,T,G,M,L,246,0.865,1045
17,7577544,A,C,M,R,246,0.959,1046
17,7577544,A,G,M,T,246,0.956,1047
17,7577545,T,C,M,V,246,0.924,1048
17,7577542,T,C,N,D,247,,1049
17,7577541,T,A,N,I,247,0.953,1051
17,7577541,T,G,N,T,247,,1054
17,7577539,G,C,R,G,248,0.932,1057
17,7577538,C,A,R,L,248,0.960,1059
17,7577538,C,G,R,P,248,,1060
17,7577538,C,T,R,Q,248,0.934,1061
17,7577539,G,A,R,W,248,0.927,1062
17,7577536,T,C,R,G,249,0.888,1064
17,7577535,C,T,R,K,249,0.893,1066
17,7577535,C,A,R,M,249,0.911,1067
17,7577534,C,A,R,S,249,0.769,1068
17,7577534,C,G,R,S,249,0.769,1068
17,7577535,C,G,R,T,249,0.921,1069
17,7577536,T,A,R,W,249,0.846,1071
17,7577532,G,T,P,H,250,0.941,1074
17,7577532,G,A,P,L,250,0.962,1075
17,7577532,G,C,P,R,250,,1078
17,7577533,G,A,P,S,250,0.939,1079
17,7577530,T,A,I,F,251,,1081
17,7577530,T,G,I,L,251,,1082
17,7577528,G,C,I,M,251,0.779,1083
17,7577529,A,T,I,N,251,,1084
17,7577529,A,C,I,S,251,0.959,1085
17,7577529,A,G,I,T,251,,1086
17,7577530,T,C,I,V,251,0.856,1087
17,7577527,G,A,L,F,252,0.716,1088
17,7577526,A,G,L,P,252,0.952,1090
17,7577524,T,C,T,A,253,,1091
17,7577523,G,A,T,I,253,,1093
17,7577523,G,T,T,N,253,0.895,1094
17,7577524,T,G,T,P,253,,1095
17,7577523,G,C,T,S,253,"0.851, 0.854",1096
17,7577521,T,A,I,F,254,,1098
17,7577521,T,G,I,L,254,,1099
17,7577519,G,C,I,M,254,,1100
17,7577520,A,T,I,N,254,0.962,1101
17,7577520,A,C,I,S,254,0.953,1102
17,7577520,A,G,I,T,254,,1103
17,7577521,T,C,I,V,254,0.780,1104
17,7577518,T,A,I,F,255,0.785,1105
17,7577517,A,T,I,N,255,0.928,1107
17,7577517,A,C,I,S,255,0.943,1108
17,7577517,A,G,I,T,255,0.948,1109
17,7577514,G,A,T,I,256,,1112
17,7577514,G,T,T,K,256,,1113
17,7577515,T,G,T,P,256,,1114
17,7577514,G,C,T,R,256,,1115
17,7577511,A,G,L,P,257,0.933,1117
17,7577511,A,T,L,Q,257,,1118
17,7577511,A,C,L,R,257,,1119
17,7577512,G,C,L,V,257,0.896,1120
17,7577508,T,G,E,A,258,0.955,1121
17,7577507,T,A,E,D,258,0.897,1122
17,7577507,T,G,E,D,258,0.897,1122
17,7577508,T,C,E,G,258,0.952,1123
17,7577509,C,T,E,K,258,0.961,1124
17,7577509,C,G,E,Q,258,0.936,1126
17,7577508,T,A,E,V,258,0.963,1127
17,7577505,T,G,D,A,259,,1128
17,7577504,G,T,D,E,259,,1129
17,7577505,T,C,D,G,259,,1131
17,7577506,C,G,D,H,259,,1132
17,7577506,C,T,D,N,259,,1134
17,7577505,T,A,D,V,259,0.742,1136
17,7577506,C,A,D,Y,259,0.737,1137
17,7577502,G,C,S,C,260,,1139
17,7577502,G,A,S,F,260,,1140
17,7577503,A,T,S,T,260,,1142
17,7577499,C,T,S,N,261,,1147
17,7577499,C,G,S,T,261,,1149
17,7577154,C,A,G,C,262,,1150
17,7577153,C,T,G,D,262,,1151
17,7577154,C,T,G,S,262,,1154
17,7577153,C,A,G,V,262,0.929,1155
17,7577151,T,C,N,D,263,,1156
17,7577149,A,C,N,K,263,0.213,1159
17,7577147,A,C,L,R,264,,1164
17,7577144,A,G,L,P,265,0.948,1167
17,7577144,A,T,L,Q,265,,1168
17,7577144,A,C,L,R,265,0.965,1169
17,7577141,C,G,G,A,266,0.960,1172
17,7577141,C,T,G,E,266,0.973,1173
17,7577142,C,G,G,R,266,0.963,1175
17,7577142,C,T,G,R,266,0.963,1175
17,7577141,C,A,G,V,266,0.974,1178
17,7577139,G,C,R,G,267,0.946,1179
17,7577138,C,A,R,L,267,,1180
17,7577138,C,G,R,P,267,0.927,1181
17,7577138,C,T,R,Q,267,0.902,1182
17,7577139,G,A,R,W,267,,1183
17,7577135,T,A,N,I,268,,1186
17,7577136,T,A,N,Y,268,0.561,1189
17,7577133,T,A,S,C,269,,1190
17,7577133,T,G,S,R,269,,1194
17,7577132,C,G,S,T,269,,1195
17,7577129,A,C,F,C,270,0.929,1196
17,7577130,A,T,F,I,270,0.938,1197
17,7577128,A,C,F,L,270,0.827,1198
17,7577128,A,T,F,L,270,0.827,1198
17,7577130,A,G,F,L,270,0.827,1198
17,7577129,A,G,F,S,270,0.945,1199
17,7577130,A,C,F,V,270,0.926,1200
17,7577127,C,T,E,K,271,,1204
17,7577127,C,G,E,Q,271,,1206
17,7577126,T,A,E,V,271,,1208
17,7577123,A,G,V,A,272,,1209
17,7577123,A,T,V,E,272,0.806,1210
17,7577123,A,C,V,G,272,0.707,1211
17,7577124,C,A,V,L,272,,1213
17,7577124,C,G,V,L,272,,1213
17,7577124,C,T,V,M,272,0.907,1214
17,7577121,G,A,R,C,273,0.901,1215
17,7577121,G,C,R,G,273,0.902,1216
17,7577120,C,T,R,H,273,0.868,1217
17,7577120,C,A,R,L,273,0.921,1218
17,7577120,C,G,R,P,273,0.932,1220
17,7577121,G,T,R,S,273,0.906,1222
17,7577117,A,G,V,A,274,,1225
17,7577117,A,T,V,D,274,0.889,1227
17,7577118,C,A,V,F,274,,1228
17,7577117,A,C,V,G,274,0.865,1229
17,7577118,C,G,V,L,274,0.630,1231
17,7577114,C,A,C,F,275,0.981,1232
17,7577115,A,C,C,G,275,,1233
17,7577115,A,G,C,R,275,,1234
17,7577114,C,G,C,S,275,0.982,1235
17,7577115,A,T,C,S,275,0.982,1235
17,7577113,A,C,C,W,275,,1236
17,7577114,C,T,C,Y,275,0.972,1237
17,7577111,G,T,A,D,276,0.951,1238
17,7577111,G,C,A,G,276,0.930,1240
17,7577112,C,G,A,P,276,0.949,1241
17,7577112,C,A,A,S,276,,1242
17,7577112,C,T,A,T,276,,1243
17,7577111,G,A,A,V,276,0.934,1244
17,7577108,C,A,C,F,277,0.932,1245
17,7577109,A,C,C,G,277,0.846,1246
17,7577109,A,T,C,S,277,,1248
17,7577107,A,C,C,W,277,,1249
17,7577108,C,T,C,Y,277,,1250
17,7577106,G,C,P,A,278,,1251
17,7577105,G,T,P,H,278,0.950,1253
17,7577105,G,A,P,L,278,0.940,1254
17,7577105,G,C,P,R,278,,1255
17,7577106,G,A,P,S,278,0.963,1256
17,7577106,G,T,P,T,278,0.954,1257
17,7577102,C,T,G,E,279,0.907,1261
17,7577103,C,G,G,R,279,0.896,1262
17,7577103,C,T,G,R,279,0.896,1262
17,7577102,C,A,G,V,279,,1263
17,7577103,C,A,G,W,279,,1264
17,7577100,T,C,R,G,280,0.924,1265
17,7577099,C,A,R,I,280,0.942,1266
17,7577099,C,T,R,K,280,0.935,1267
17,7577098,T,A,R,S,280,0.878,1269
17,7577098,T,G,R,S,280,0.878,1269
17,7577099,C,G,R,T,280,0.940,1270
17,7577096,T,G,D,A,281,0.977,1271
17,7577095,G,C,D,E,281,0.909,1272
17,7577095,G,T,D,E,281,0.909,1272
17,7577096,T,C,D,G,281,0.974,1273
17,7577097,C,G,D,H,281,,1274
17,7577097,C,T,D,N,281,,1275
17,7577096,T,A,D,V,281,,1278
17,7577097,C,A,D,Y,281,0.957,1279
17,7577094,G,C,R,G,282,0.863,1280
17,7577093,C,A,R,L,282,,1282
17,7577093,C,G,R,P,282,,1283
17,7577093,C,T,R,Q,282,0.887,1284
17,7577094,G,A,R,W,282,0.896,1285
17,7577091,G,A,R,C,283,0.740,1286
17,7577091,G,C,R,G,283,,1287
17,7577090,C,T,R,H,283,,1288
17,7577090,C,A,R,L,283,,1289
17,7577090,C,G,R,P,283,,1290
17,7577088,T,G,T,P,284,,1295
17,7577088,T,A,T,S,284,,1296
17,7577083,C,A,E,D,285,0.524,1298
17,7577084,T,C,E,G,285,0.923,1299
17,7577085,C,T,E,K,285,0.910,1300
17,7577085,C,G,E,Q,285,,1301
17,7577084,T,A,E,V,285,0.936,1302
17,7577081,T,G,E,A,286,0.913,1303
17,7577080,T,G,E,D,286,0.765,1304
17,7577081,T,C,E,G,286,0.913,1305
17,7577082,C,T,E,K,286,0.949,1306
17,7577082,C,G,E,Q,286,0.905,1307
17,7577081,T,A,E,V,286,,1308
17,7577077,C,A,E,D,287,,1310
17,7577077,C,G,E,D,287,,1310
17,7577079,C,T,E,K,287,0.583,1312
17,7577079,C,G,E,Q,287,0.623,1313
17,7577073,G,A,L,F,289,0.344,1321
17,7577070,G,A,R,C,290,,1327
17,7577069,C,T,R,H,290,,1328
17,7577069,C,A,R,L,290,,1329
17,7577067,T,C,K,E,291,,1331
17,7577065,C,G,K,N,291,,1334
17,7577067,T,G,K,Q,291,,1335
17,7577063,T,A,K,I,292,,1339
17,7577062,T,A,K,N,292,,1340
17,7577058,C,G,E,Q,294,,1351
17,7577052,G,C,H,D,296,,1359
17,7577050,G,T,H,Q,296,,1363
17,7577052,G,A,H,Y,296,,1365
17,7577049,G,A,H,Y,297,0.304,1368
17,7577046,C,T,E,K,298,0.286,1372
17,7577046,C,G,E,Q,298,,1373
17,7577040,G,C,P,A,300,,1377
17,7577037,G,T,P,T,301,,1385
17,7577033,C,T,G,E,302,0.331,1386
17,7577033,C,A,G,V,302,0.503,1388
17,7577024,T,G,K,T,305,,1398
17,7577021,C,T,R,Q,306,0.764,1400
17,7576926,G,A,A,V,307,,1403
17,7576920,G,A,P,L,309,,1406
17,7576921,G,A,P,S,309,,1408
17,7576911,G,A,T,I,312,,1418
17,7576905,G,C,S,C,314,0.430,1422
17,7576902,G,C,S,C,315,0.531,1424
17,7576899,G,A,P,L,316,0.585,1426
17,7576896,T,C,Q,R,317,0.366,1430
17,7576889,C,A,K,N,319,0.839,1433
17,7576889,C,G,K,N,319,0.839,1433
17,7576888,T,C,K,E,320,0.759,1435
17,7576886,C,G,K,N,320,,1436
17,7576887,T,C,K,R,320,,1437
17,7576881,G,A,P,L,322,,1439
17,7576875,T,G,D,A,324,,1446
17,7576874,A,T,D,E,324,,1447
17,7576875,T,C,D,G,324,,1448
17,7576872,C,G,G,A,325,0.271,1450
17,7576872,C,T,G,E,325,0.315,1451
17,7576872,C,A,G,V,325,0.680,1452
17,7576870,C,T,E,K,326,,1453
17,7576870,C,G,E,Q,326,0.792,1454
17,7576857,A,T,L,H,330,,1460
17,7576858,G,T,L,I,330,,1461
17,7576857,A,G,L,P,330,,1462
17,7576857,A,C,L,R,330,0.943,1463
17,7576853,C,A,Q,H,331,0.582,1464
17,7576853,C,G,Q,H,331,0.582,1464
17,7576854,T,A,Q,L,331,,1465
17,7576854,T,C,Q,R,331,,1467
17,7574033,T,A,I,F,332,0.869,1468
17,7574032,A,T,I,N,332,,1469
17,7574032,A,C,I,S,332,,1470
17,7574030,G,A,R,C,333,0.862,1472
17,7574029,C,G,R,P,333,0.829,1474
17,7574030,G,T,R,S,333,,1475
17,7574026,C,G,G,A,334,0.936,1476
17,7574026,C,T,G,E,334,,1477
17,7574026,C,A,G,V,334,0.951,1479
17,7574027,C,A,G,W,334,,1480
17,7574024,G,A,R,C,335,0.819,1481
17,7574023,C,T,R,H,335,,1482
17,7574024,G,T,R,S,335,0.832,1484
17,7574020,T,G,E,A,336,,1485
17,7574020,T,C,E,G,336,,1486
17,7574018,G,A,R,C,337,0.715,1488
17,7574018,G,C,R,G,337,,1489
17,7574017,C,T,R,H,337,0.693,1490
17,7574017,C,A,R,L,337,0.765,1491
17,7574017,C,G,R,P,337,,1492
17,7574018,G,T,R,S,337,0.725,1493
17,7574014,A,C,F,C,338,0.584,1494
17,7574015,A,T,F,I,338,0.691,1495
17,7574013,G,C,F,L,338,"0.587, 0.681",1496
17,7574015,A,G,F,L,338,"0.587, 0.681",1496
17,7574014,A,G,F,S,338,,1497
17,7574011,T,C,E,G,339,0.855,1498
17,7574008,A,G,M,T,340,0.587,1502
17,7574005,A,C,F,C,341,,1504
17,7574004,G,C,F,L,341,,1505
17,7574005,A,G,F,S,341,0.880,1506
17,7574006,A,C,F,V,341,0.464,1507
17,7574005,A,T,F,Y,341,,1508
17,7574002,C,A,R,L,342,0.151,1509
17,7574002,C,G,R,P,342,0.650,1510
17,7573999,T,G,E,A,343,,1512
17,7574000,C,T,E,K,343,,1513
17,7573997,G,T,L,M,344,,1515
17,7573996,A,G,L,P,344,0.862,1516
17,7573996,A,T,L,Q,344,,1517
17,7573996,A,C,L,R,344,0.858,1518
17,7573994,T,C,N,D,345,0.753,1519
17,7573993,T,C,N,S,345,,1521
17,7573991,C,T,E,K,346,,1523
17,7573987,G,T,A,D,347,,1524
17,7573988,C,G,A,P,347,,1526
17,7573988,C,T,A,T,347,0.648,1527
17,7573987,G,A,A,V,347,0.774,1528
17,7573983,C,A,L,F,348,"0.712, 0.714",1529
17,7573983,C,G,L,F,348,"0.712, 0.714",1529
17,7573984,A,G,L,S,348,0.948,1530
17,7573984,A,C,L,W,348,0.926,1531
17,7573979,G,T,L,I,350,,1534
17,7573978,A,G,L,P,350,0.864,1535
17,7573976,T,C,K,E,351,0.458,1537
17,7573974,C,A,K,N,351,0.463,1538
17,7573973,C,A,D,Y,352,0.699,1542
17,7573969,G,T,A,D,353,,1543
17,7573967,G,C,Q,E,354,0.208,1546
17,7573966,T,A,Q,L,354,,1549
17,7573966,T,C,Q,R,354,,1550
17,7573964,C,G,A,P,355,,1551
17,7573964,C,T,A,T,355,0.241,1552
17,7573960,C,G,G,A,356,,1553
17,7573955,C,T,E,K,358,,1557
17,7573955,C,G,E,Q,358,0.354,1558
17,7573948,C,T,G,E,360,,1562
17,7573948,C,A,G,V,360,,1563
17,7573945,C,T,G,E,361,0.283,1564
17,7573943,T,C,S,G,362,,1567
17,7573943,T,G,S,R,362,,1568
17,7573937,C,T,A,T,364,,1571
17,7573930,G,A,S,F,366,,1574
17,7572997,G,A,S,F,371,,1579
17,7572986,G,T,Q,K,375,0.339,1585
17,7572982,G,C,S,C,376,0.481,1587
17,7572980,T,G,T,P,377,0.349,1591
17,7572976,G,A,S,F,378,0.585,1592
17,7572977,A,G,S,P,378,0.449,1593
17,7572974,G,A,R,C,379,0.310,1594
17,7572973,C,T,R,H,379,0.338,1595
17,7572966,T,A,K,N,381,0.646,1598
17,7572957,C,T,M,I,384,,1601
17,7572959,T,C,M,V,384,0.355,1602
17,7572954,G,T,F,L,385,,1603
17,7572947,C,T,E,K,388,,1606
17,7572944,C,A,G,W,389,,1609
17,7572940,G,T,P,H,390,0.385,1610
17,7572941,G,A,P,S,390,,1612
17,7572938,C,T,D,N,391,,1613
17,7572934,G,A,S,L,392,,1615
17,7572935,A,G,S,P,392,,1616
17,7572931,T,C,D,G,393,,1617
17,7579905,T,C,E,G,3,0.466,2
17,7579898,C,A,Q,H,5,0.489,5
17,7579891,G,A,P,S,8,0.504,10
17,7579884,A,C,V,G,10,0.559,13
17,7579875,G,A,P,L,13,0.769,19
17,7579864,C,T,E,K,17,0.768,24
17,7579861,T,C,T,A,18,0.797,25
17,7579857,A,G,F,S,19,0.905,26
17,7579852,C,A,D,Y,21,0.737,28
17,7579719,A,G,L,P,26,0.775,33
17,7579717,G,T,P,T,27,0.591,37
17,7579706,G,C,N,K,30,0.454,42
17,7579590,A,T,S,T,33,0.480,46
17,7579582,C,A,L,F,35,0.486,50
17,7579582,C,G,L,F,35,0.486,50
17,7579578,A,T,S,T,37,0.439,54
17,7579574,T,A,Q,L,38,0.530,55
17,7579572,C,T,A,T,39,0.436,57
17,7579567,C,G,M,I,40,0.426,58
17,7579566,C,T,D,N,41,0.323,61
17,7579555,C,A,M,I,44,0.272,66
17,7579556,A,C,M,R,44,0.474,67
17,7579556,A,G,M,T,44,0.278,68
17,7579557,T,C,M,V,44,0.296,69
17,7579553,A,G,L,P,45,0.362,70
17,7579551,A,G,S,P,46,0.341,72
17,7579547,G,A,P,L,47,0.345,74
17,7579548,G,A,P,S,47,0.320,76
17,7579544,T,C,D,G,48,0.264,77
17,7579542,C,A,D,Y,49,0.396,83
17,7579531,T,A,Q,H,52,0.296,86
17,7579531,T,G,Q,H,52,0.296,86
17,7579528,C,A,W,C,53,0.367,87
17,7579528,C,G,W,C,53,0.367,87
17,7579530,A,C,W,G,53,0.442,88
17,7579525,G,T,F,L,54,"0.370, 0.387",90
17,7579523,G,A,T,I,55,0.301,91
17,7579520,T,A,E,V,56,0.321,93
17,7579514,G,A,P,L,58,0.341,95
17,7579514,G,T,P,Q,58,0.308,96
17,7579514,G,C,P,R,58,0.314,97
17,7579515,G,A,P,S,58,0.337,98
17,7579512,C,A,G,C,59,0.391,100
17,7579511,C,T,G,D,59,0.358,101
17,7579509,G,C,P,A,60,0.294,104
17,7579508,G,A,P,L,60,0.313,105
17,7579508,G,T,P,Q,60,0.308,106
17,7579508,G,C,P,R,60,0.362,107
17,7579509,G,A,P,S,60,0.257,108
17,7579509,G,T,P,T,60,0.318,109
17,7579506,C,T,D,N,61,0.202,112
17,7579501,T,G,E,D,62,0.329,113
17,7579500,C,A,A,S,63,0.265,115
17,7579500,C,T,A,T,63,0.265,116
17,7579497,G,C,P,A,64,0.272,117
17,7579487,G,A,P,L,67,0.322,126
17,7579487,G,C,P,R,67,0.301,127
17,7579484,T,C,E,G,68,0.281,129
17,7579485,C,G,E,Q,68,0.221,131
17,7579481,G,C,A,G,69,0.260,132
17,7579481,G,A,A,V,69,0.314,133
17,7579472,G,T,P,H,72,0.352,142
17,7579469,A,T,V,E,73,0.387,146
17,7579470,C,A,V,L,73,,147
17,7579466,G,A,A,V,74,0.234,151
17,7579463,G,C,P,R,75,0.362,152
17,7579464,G,A,P,S,75,0.349,153
17,7579461,C,T,A,T,76,0.402,154
17,7579460,G,A,A,V,76,0.277,155
17,7579458,G,C,P,A,77,0.310,156
17,7579458,G,A,P,S,77,0.288,158
17,7579455,C,A,A,S,78,0.269,159
17,7579454,G,A,A,V,78,0.266,160
17,7579452,C,T,A,T,79,0.359,161
17,7579445,G,A,T,I,81,0.305,165
17,7579443,G,A,P,S,82,0.449,167
17,7579439,G,T,A,E,83,0.400,168
17,7579436,G,C,A,G,84,0.403,172
17,7579436,G,A,A,V,84,0.438,174
17,7579433,G,A,P,L,85,0.436,176
17,7579430,G,A,A,V,86,0.389,183
17,7579427,G,T,P,Q,87,0.356,185
17,7579413,G,C,P,A,92,0.509,197
17,7579412,G,A,P,L,92,0.487,199
17,7579410,G,T,L,M,93,0.369,202
17,7579407,A,G,S,P,94,0.528,205
17,7579407,A,T,S,T,94,0.533,206
17,7579400,G,C,S,C,96,0.497,209
17,7579401,A,G,S,P,96,0.522,211
17,7579397,A,G,V,A,97,0.854,213
17,7579398,C,T,V,I,97,0.593,216
17,7579395,G,T,P,T,98,0.957,221
17,7579392,A,G,S,P,99,0.730,223
17,7579389,G,T,Q,K,100,0.541,224
17,7579384,T,A,K,N,101,0.340,225
17,7579385,T,C,K,R,101,0.533,226
17,7579383,T,G,T,P,102,0.542,229
17,7579375,C,G,Q,H,104,0.336,232
17,7579373,C,G,G,A,105,0.905,234
17,7579368,A,G,Y,H,107,0.569,245
17,7579365,C,A,G,C,108,0.654,249
17,7579359,G,T,R,S,110,0.525,263
17,7579353,C,A,G,C,112,,270
17,7579352,C,T,G,D,112,,271
17,7579353,C,T,G,S,112,,272
17,7579348,G,T,F,L,113,,276
17,7579341,A,G,S,P,116,,286
17,7579337,C,T,G,E,117,0.784,288
17,7579338,C,G,G,R,117,0.770,289
17,7579335,T,C,T,A,118,0.842,291
17,7579334,G,C,T,R,118,0.907,293
17,7579331,G,T,A,D,119,0.944,294
17,7579331,G,A,A,V,119,0.906,297
17,7579328,T,G,K,T,120,0.917,303
17,7579325,G,A,S,F,121,0.928,304
17,7579323,C,A,V,L,122,0.730,307
17,7579319,G,A,T,I,123,0.859,308
17,7579316,C,A,C,F,124,0.792,309
17,7579316,C,G,C,S,124,0.668,313
17,7578547,G,A,P,L,128,0.501,334
17,7578544,G,T,A,D,129,0.553,337
17,7578544,G,C,A,G,129,0.407,338
17,7578545,C,T,A,T,129,0.438,340
17,7578544,G,A,A,V,129,0.468,341
17,7578539,T,G,N,H,131,0.820,349
17,7578531,C,G,M,I,133,,363
17,7578533,T,A,M,L,133,0.426,365
17,7578533,T,G,M,L,133,0.426,365
17,7578533,T,C,M,V,133,0.503,368
17,7578524,G,T,Q,K,136,0.869,384
17,7578523,T,C,Q,R,136,0.877,387
17,7578521,G,T,L,M,137,0.637,388
17,7578520,A,G,L,P,137,0.950,389
17,7578517,G,T,A,D,138,0.901,392
17,7578518,C,A,A,S,138,0.911,394
17,7578515,T,G,K,Q,139,0.768,399
17,7578514,T,C,K,R,139,0.760,400
17,7578506,G,C,P,A,142,0.901,414
17,7578505,G,T,P,H,142,0.914,416
17,7578506,G,T,P,T,142,0.891,420
17,7578503,C,A,V,L,143,0.607,424
17,7578503,C,G,V,L,143,0.607,424
17,7578500,G,T,Q,K,144,,427
17,7578499,T,C,Q,R,144,0.751,430
17,7578497,G,T,L,M,145,0.505,431
17,7578497,G,C,L,V,145,0.462,435
17,7578492,C,A,W,C,146,,436
17,7578494,A,G,W,R,146,0.464,439
17,7578494,A,T,W,R,146,0.464,439
17,7578491,C,A,V,F,147,0.747,444
17,7578491,C,T,V,I,147,0.549,446
17,7578486,A,C,D,E,148,0.289,448
17,7578487,T,C,D,G,148,0.467,449
17,7578487,T,A,D,V,148,0.551,452
17,7578484,G,A,S,F,149,0.457,454
17,7578485,A,G,S,P,149,0.558,455
17,7578485,A,T,S,T,149,0.327,456
17,7578482,T,C,T,A,150,0.333,458
17,7578481,G,A,T,I,150,0.381,459
17,7578481,G,T,T,K,150,0.394,460
17,7578481,G,C,T,R,150,0.441,461
17,7578476,G,C,P,A,152,0.803,469
17,7578473,G,C,P,A,153,0.369,476
17,7578473,G,T,P,T,153,0.382,481
17,7578469,C,G,G,A,154,0.728,482
17,7578467,T,A,T,S,155,,495
17,7578455,C,A,A,S,159,0.727,519
17,7578452,T,G,M,L,160,0.569,524
17,7578448,G,C,A,G,161,0.809,531
17,7578446,T,C,I,V,162,0.498,542
17,7578440,T,G,K,Q,164,0.899,552
17,7578437,G,C,Q,E,165,0.572,555
17,7578435,C,G,Q,H,165,,556
17,7578436,T,A,Q,L,165,0.574,558
17,7578436,T,G,Q,P,165,0.653,559
17,7578436,T,C,Q,R,165,0.475,560
17,7578434,A,C,S,A,166,0.487,561
17,7578433,G,A,S,L,166,0.613,564
17,7578434,A,G,S,P,166,0.707,565
17,7578434,A,T,S,T,166,0.512,566
17,7578431,G,C,Q,E,167,0.467,567
17,7578429,C,A,Q,H,167,,568
17,7578431,G,T,Q,K,167,0.647,569
17,7578430,T,A,Q,L,167,0.569,570
17,7578430,T,C,Q,R,167,0.566,571
17,7578428,G,C,H,D,168,0.551,572
17,7578428,G,T,H,N,168,0.566,574
17,7578426,G,C,H,Q,168,0.568,576
17,7578426,G,T,H,Q,168,0.568,576
17,7578428,G,A,H,Y,168,0.501,579
17,7578423,C,A,M,I,169,,580
17,7578422,T,C,T,A,170,0.518,585
17,7578422,T,G,T,P,170,0.808,588
17,7578421,G,C,T,R,170,0.867,589
17,7578422,T,A,T,S,170,0.629,590
17,7578418,T,G,E,A,171,0.896,591
17,7578417,C,A,E,D,171,0.597,592
17,7578419,C,G,E,Q,171,0.849,595
17,7578418,T,A,E,V,171,0.922,596
17,7578416,C,T,V,I,172,0.645,601
17,7578409,C,T,R,K,174,0.381,612
17,7578409,C,A,R,M,174,0.628,613
17,7578408,C,A,R,S,174,0.639,615
17,7578408,C,G,R,S,174,0.639,615
17,7578406,C,G,R,P,175,0.966,622
17,7578407,G,T,R,S,175,0.831,623
17,7578398,G,A,H,Y,178,,644
17,7578391,T,C,E,G,180,0.915,653
17,7578392,C,G,E,Q,180,0.659,655
17,7578389,G,C,R,G,181,0.886,657
17,7578388,C,A,R,L,181,0.680,659
17,7578389,G,T,R,S,181,0.778,661
17,7578386,A,G,C,R,182,0.644,663
17,7578385,C,G,C,S,182,"0.438, 0.455",664
17,7578386,A,T,C,S,182,"0.438, 0.455",664
17,7578384,G,C,C,W,182,0.659,665
17,7578385,C,T,C,Y,182,0.634,666
17,7578382,G,A,S,L,183,0.556,667
17,7578383,A,G,S,P,183,0.457,668
17,7578380,C,A,D,Y,184,0.715,676
17,7578377,T,A,S,C,185,0.425,677
17,7578377,T,C,S,G,185,0.497,678
17,7578376,C,A,S,I,185,0.452,679
17,7578376,C,T,S,N,185,0.325,680
17,7578375,G,C,S,R,185,0.520,681
17,7578375,G,T,S,R,185,0.520,681
17,7578372,A,T,D,E,186,0.643,683
17,7578373,T,C,D,G,186,0.680,684
17,7578374,C,G,D,H,186,0.692,685
17,7578373,T,A,D,V,186,0.800,687
17,7578289,C,A,G,V,187,,694
17,7578287,G,T,L,M,188,0.473,695
17,7578287,G,C,L,V,188,0.572,698
17,7578283,G,C,A,G,189,0.754,700
17,7578284,C,A,A,S,189,0.700,702
17,7578284,C,T,A,T,189,0.728,703
17,7578283,G,A,A,V,189,0.790,704
17,7578280,G,T,P,H,190,0.731,707
17,7578278,G,C,P,A,191,0.598,713
17,7578277,G,C,P,R,191,0.617,716
17,7578278,G,T,P,T,191,0.727,718
17,7578273,C,G,Q,H,192,0.534,719
17,7578275,G,T,Q,K,192,0.640,720
17,7578266,T,G,I,L,195,0.724,738
17,7578259,A,G,V,A,197,0.823,748
17,7578257,C,G,E,Q,198,0.889,757
17,7578256,T,A,E,V,198,0.926,758
17,7578253,C,G,G,A,199,0.888,759
17,7578254,C,T,G,R,199,0.883,763
17,7578251,T,C,N,D,200,0.840,766
17,7578250,T,A,N,I,200,0.792,767
17,7578250,T,C,N,S,200,0.678,769
17,7578250,T,G,N,T,200,0.768,770
17,7578246,C,A,L,F,201,0.446,772
17,7578246,C,G,L,F,201,0.446,772
17,7578247,A,G,L,S,201,0.505,774
17,7578248,A,C,L,V,201,0.447,775
17,7578245,G,C,R,G,202,0.483,777
17,7578244,C,T,R,H,202,0.528,778
17,7578244,C,A,R,L,202,0.530,779
17,7578245,G,T,R,S,202,0.486,781
17,7578241,A,G,V,A,203,0.526,782
17,7578238,T,G,E,A,204,0.600,786
17,7578239,C,T,E,K,204,0.624,789
17,7578238,T,A,E,V,204,0.588,791
17,7578231,C,G,L,F,206,0.421,798
17,7578229,T,G,D,A,207,0.518,799
17,7578228,A,T,D,E,207,0.435,800
17,7578229,T,C,D,G,207,0.616,801
17,7578230,C,A,D,Y,207,0.606,803
17,7578225,G,C,D,E,208,,804
17,7578227,C,G,D,H,208,0.930,806
17,7578227,C,A,D,Y,208,0.943,810
17,7578224,T,C,R,G,209,0.635,811
17,7578221,T,C,N,D,210,0.300,816
17,7578221,T,G,N,H,210,0.340,817
17,7578219,G,C,N,K,210,0.369,819
17,7578220,T,C,N,S,210,0.262,820
17,7578220,T,G,N,T,210,0.380,821
17,7578213,A,T,F,L,212,"0.481, 0.489",830
17,7578215,A,G,F,L,212,"0.481, 0.489",830
17,7578214,A,G,F,S,212,0.554,831
17,7578214,A,T,F,Y,212,0.395,833
17,7578207,A,T,H,Q,214,,843
17,7578202,A,G,V,A,216,0.961,853
17,7578200,C,A,V,L,217,,863
17,7578196,A,G,V,A,218,0.974,865
17,7578194,G,A,P,S,219,0.960,874
17,7578186,C,A,E,D,221,0.669,883
17,7578186,C,G,E,D,221,0.669,883
17,7578187,T,C,E,G,221,0.826,884
17,7578188,C,T,E,K,221,0.897,885
17,7578187,T,A,E,V,221,0.901,886
17,7578185,G,C,P,A,222,0.395,887
17,7578184,G,T,P,Q,222,0.626,889
17,7578185,G,A,P,S,222,0.344,890
17,7578185,G,T,P,T,222,0.533,891
17,7578182,G,C,P,A,223,0.759,892
17,7578181,G,T,P,H,223,0.728,893
17,7578181,G,C,P,R,223,0.740,895
17,7578178,T,C,E,G,224,0.890,899
17,7577607,A,T,V,D,225,0.645,904
17,7577608,C,A,V,F,225,0.704,905
17,7577607,A,C,V,G,225,0.644,906
17,7577604,C,G,G,A,226,0.767,909
17,7577605,C,T,G,S,226,0.866,911
17,7577604,C,A,G,V,226,0.838,912
17,7577601,G,T,S,Y,227,0.772,917
17,7577598,T,G,D,A,228,0.758,918
17,7577597,G,T,D,E,228,,919
17,7577598,T,C,D,G,228,0.704,920
17,7577598,T,A,D,V,228,0.829,923
17,7577596,A,C,C,G,229,0.738,926
17,7577596,A,G,C,R,229,0.754,927
17,7577595,C,G,C,S,229,"0.535, 0.600",928
17,7577592,G,A,T,I,230,0.936,932
17,7577592,G,T,T,N,230,0.875,933
17,7577593,T,A,T,S,230,0.863,935
17,7577589,G,A,T,I,231,0.942,937
17,7577590,T,A,T,S,231,0.922,940
17,7577587,T,G,I,L,232,0.688,942
17,7577587,T,C,I,V,232,0.419,947
17,7577584,G,C,H,D,233,0.876,948
17,7577583,T,A,H,L,233,0.579,949
17,7577583,T,G,H,P,233,0.844,950
17,7577582,G,C,H,Q,233,0.669,951
17,7577583,T,C,H,R,233,0.717,952
17,7577580,T,A,Y,F,234,0.686,956
17,7577578,T,G,N,H,235,0.902,963
17,7577577,T,A,N,I,235,0.886,964
17,7577577,T,G,N,T,235,0.872,968
17,7577578,T,A,N,Y,235,0.932,969
17,7577571,A,G,M,T,237,0.948,981
17,7577566,T,A,N,Y,239,0.905,995
17,7577562,C,A,S,I,240,0.883,999
17,7577562,C,G,S,T,240,0.800,1002
17,7577552,C,G,M,I,243,,1016
17,7577553,A,T,M,K,243,0.933,1017
17,7577554,T,A,M,L,243,0.763,1018
17,7577554,T,G,M,L,243,0.763,1018
17,7577553,A,C,M,R,243,0.890,1019
17,7577554,T,C,M,V,243,0.705,1021
17,7577540,G,T,N,K,247,0.889,1052
17,7577541,T,C,N,S,247,0.935,1053
17,7577542,T,A,N,Y,247,0.959,1055
17,7577533,G,C,P,A,250,0.892,1072
17,7577533,G,T,P,T,250,0.949,1080
17,7577526,A,T,L,H,252,0.914,1089
17,7577524,T,A,T,S,253,"0.851, 0.854",1096
17,7577516,G,C,I,M,255,0.791,1106
17,7577518,T,C,I,V,255,0.628,1110
17,7577515,T,C,T,A,256,0.909,1111
17,7577515,T,A,T,S,256,0.846,1116
17,7577503,A,C,S,A,260,0.599,1138
17,7577503,A,G,S,P,260,0.659,1141
17,7577502,G,T,S,Y,260,0.668,1143
17,7577500,T,A,S,C,261,0.547,1144
17,7577500,T,C,S,G,261,0.529,1145
17,7577499,C,A,S,I,261,0.532,1146
17,7577155,A,C,S,R,261,"0.390, 0.391, 0.456",1148
17,7577155,A,T,S,R,261,"0.390, 0.391, 0.456",1148
17,7577500,T,G,S,R,261,"0.390, 0.391, 0.456",1148
17,7577154,C,G,G,R,262,0.889,1153
17,7577151,T,G,N,H,263,0.315,1157
17,7577150,T,A,N,I,263,0.318,1158
17,7577148,G,T,L,I,264,0.378,1161
17,7577147,A,G,L,P,264,0.831,1162
17,7577147,A,T,L,Q,264,0.813,1163
17,7577148,G,C,L,V,264,0.381,1165
17,7577145,G,T,L,M,265,0.870,1166
17,7577136,T,G,N,H,268,0.404,1185
17,7577134,G,C,N,K,268,0.344,1187
17,7577135,T,C,N,S,268,0.327,1188
17,7577133,T,C,S,G,269,0.688,1191
17,7577132,C,A,S,I,269,0.810,1192
17,7577132,C,T,S,N,269,0.729,1193
17,7577131,G,C,S,R,269,,1194
17,7577131,G,T,S,R,269,,1194
17,7577129,A,T,F,Y,270,0.936,1201
17,7577125,C,A,E,D,271,"0.843, 0.844",1202
17,7577125,C,G,E,D,271,"0.843, 0.844",1202
17,7577126,T,C,E,G,271,0.967,1203
17,7577118,C,T,V,I,274,0.367,1230
17,7577109,A,G,C,R,277,0.889,1247
17,7577108,C,G,C,S,277,,1248
17,7577091,G,T,R,S,283,0.687,1291
17,7577088,T,C,T,A,284,0.460,1292
17,7577087,G,A,T,I,284,0.699,1293
17,7577084,T,G,E,A,285,0.910,1297
17,7577080,T,A,E,D,286,0.765,1304
17,7577078,T,G,E,A,287,0.562,1309
17,7577078,T,C,E,G,287,0.626,1311
17,7577078,T,A,E,V,287,0.644,1314
17,7577076,T,C,N,D,288,0.513,1315
17,7577076,T,G,N,H,288,0.554,1316
17,7577074,A,T,N,K,288,0.679,1317
17,7577075,T,C,N,S,288,0.480,1318
17,7577076,T,A,N,Y,288,0.665,1320
17,7577072,A,G,L,P,289,0.518,1324
17,7577072,A,C,L,R,289,0.426,1325
17,7577073,G,C,L,V,289,0.399,1326
17,7577070,G,T,R,S,290,0.605,1330
17,7577066,T,A,K,M,291,0.796,1333
17,7577066,T,C,K,R,291,0.694,1336
17,7577066,T,G,K,T,291,0.791,1337
17,7577064,T,C,K,E,292,0.510,1338
17,7577062,T,G,K,N,292,,1340
17,7577063,T,C,K,R,292,0.473,1341
17,7577063,T,G,K,T,292,0.580,1342
17,7577060,C,G,G,A,293,0.254,1343
17,7577060,C,T,G,E,293,0.242,1344
17,7577061,C,G,G,R,293,0.402,1345
17,7577061,C,T,G,R,293,0.402,1345
17,7577060,C,A,G,V,293,0.528,1346
17,7577061,C,A,G,W,293,0.675,1347
17,7577056,C,A,E,D,294,0.324,1348
17,7577057,T,C,E,G,294,0.297,1349
17,7577058,C,T,E,K,294,0.371,1350
17,7577057,T,A,E,V,294,0.355,1352
17,7577055,G,C,P,A,295,0.350,1353
17,7577054,G,T,P,H,295,0.258,1354
17,7577054,G,A,P,L,295,0.337,1355
17,7577054,G,C,P,R,295,0.325,1356
17,7577055,G,A,P,S,295,0.308,1357
17,7577055,G,T,P,T,295,0.391,1358
17,7577051,T,A,H,L,296,0.387,1360
17,7577052,G,T,H,N,296,0.283,1361
17,7577051,T,G,H,P,296,0.389,1362
17,7577050,G,C,H,Q,296,,1363
17,7577051,T,C,H,R,296,0.328,1364
17,7577049,G,T,H,N,297,0.336,1366
17,7577048,T,G,H,P,297,0.349,1367
17,7577045,T,G,E,A,298,0.375,1369
17,7577044,C,G,E,D,298,0.308,1370
17,7577045,T,A,E,V,298,0.414,1374
17,7577042,A,G,L,P,299,0.338,1375
17,7577043,G,C,L,V,299,0.352,1376
17,7577039,G,A,P,L,300,0.499,1378
17,7577039,G,C,P,R,300,0.476,1379
17,7577040,G,A,P,S,300,0.302,1380
17,7577037,G,C,P,A,301,0.368,1381
17,7577036,G,A,P,L,301,0.328,1382
17,7577036,G,T,P,Q,301,0.359,1383
17,7577037,G,A,P,S,301,0.354,1384
17,7577034,C,G,G,R,302,0.374,1387
17,7577031,T,A,S,C,303,0.479,1389
17,7577030,C,T,S,N,303,0.264,1390
17,7577030,C,G,S,T,303,0.315,1391
17,7577028,T,C,T,A,304,0.272,1392
17,7577027,G,A,T,I,304,0.253,1393
17,7577027,G,T,T,N,304,0.199,1394
17,7577025,T,C,K,E,305,0.652,1395
17,7577023,C,A,K,N,305,0.615,1396
17,7577023,C,G,K,N,305,0.615,1396
17,7577024,T,C,K,R,305,0.572,1397
17,7577021,C,G,R,P,306,0.790,1399
17,7577019,C,A,A,S,307,0.432,1401
17,7577019,C,T,A,T,307,0.371,1402
17,7576924,G,T,L,M,308,0.406,1404
17,7576924,G,C,L,V,308,0.427,1405
17,7576920,G,C,P,R,309,0.440,1407
17,7576918,T,C,N,D,310,0.340,1409
17,7576918,T,G,N,H,310,0.350,1410
17,7576917,T,G,N,T,310,0.366,1412
17,7576915,T,C,N,D,311,0.220,1413
17,7576915,T,G,N,H,311,0.234,1414
17,7576913,G,C,N,K,311,0.311,1415
17,7576915,T,A,N,Y,311,0.315,1416
17,7576912,T,C,T,A,312,0.478,1417
17,7576911,G,C,T,S,312,"0.397, 0.405",1419
17,7576912,T,A,T,S,312,"0.397, 0.405",1419
17,7576909,T,A,S,C,313,0.458,1420
17,7576908,C,T,S,N,313,0.345,1421
17,7576905,G,A,S,F,314,0.526,1423
17,7576903,A,G,S,P,315,0.555,1425
17,7576897,G,T,Q,K,317,0.321,1428
17,7576896,T,G,Q,P,317,0.424,1429
17,7576894,G,C,P,A,318,0.335,1431
17,7576891,T,C,K,E,319,0.787,1432
17,7576890,T,C,K,R,319,0.718,1434
17,7576881,G,C,P,R,322,0.505,1440
17,7576879,G,T,L,M,323,0.362,1442
17,7576878,A,G,L,P,323,0.392,1443
17,7576878,A,C,L,R,323,0.477,1444
17,7576879,G,C,L,V,323,0.288,1445
17,7576874,A,C,D,E,324,,1447
17,7576867,A,C,Y,D,327,0.723,1455
17,7576863,A,G,F,S,328,0.859,1456
17,7576864,A,C,F,V,328,0.932,1457
17,7576860,G,A,T,I,329,,1458
17,7576858,G,A,L,F,330,0.856,1459
17,7576854,T,G,Q,P,331,,1466
17,7574033,T,C,I,V,332,0.416,1471
17,7574029,C,T,R,H,333,0.554,1473
17,7574023,C,A,R,L,335,0.775,1483
17,7574021,C,T,E,K,336,0.203,1487
17,7574012,C,T,E,K,339,0.469,1499
17,7574012,C,G,E,Q,339,0.698,1500
17,7574007,C,T,M,I,340,0.265,1501
17,7574009,T,C,M,V,340,0.382,1503
17,7574004,G,T,F,L,341,,1505
17,7574002,C,T,R,Q,342,0.104,1511
17,7573999,T,A,E,V,343,0.418,1514
17,7573993,T,A,N,I,345,0.838,1520
17,7573990,T,G,E,A,346,0.803,1522
17,7573987,G,C,A,G,347,0.329,1525
17,7573979,G,A,L,F,350,0.453,1533
17,7573975,T,C,K,R,351,0.367,1539
17,7573972,T,C,D,G,352,0.655,1540
17,7573973,C,T,D,N,352,0.536,1541
17,7573970,C,T,A,T,353,0.301,1544
17,7573969,G,A,A,V,353,0.274,1545
17,7573965,C,A,Q,H,354,0.151,1547
17,7573967,G,T,Q,K,354,0.210,1548
17,7573961,C,A,G,W,356,0.265,1555
17,7573954,T,A,E,V,358,0.481,1559
17,7573952,G,A,P,S,359,0.331,1560
17,7573948,C,G,G,A,360,0.301,1561
17,7573946,C,T,G,R,361,0.364,1566
17,7573936,G,T,A,D,364,0.445,1570
17,7573934,G,A,H,Y,365,0.714,1572
17,7573931,A,C,S,A,366,0.585,1573
17,7573001,T,G,K,Q,370,0.490,1578
17,7572998,A,G,S,P,371,0.316,1580
17,7572991,T,C,K,R,373,0.407,1582
17,7572989,C,A,G,C,374,0.605,1583
17,7572983,A,C,S,A,376,0.410,1586
17,7572982,G,A,S,F,376,0.557,1588
17,7572983,A,T,S,T,376,0.379,1589
17,7572979,G,A,T,I,377,0.477,1590
17,7572973,C,G,R,P,379,0.409,1596
17,7572971,G,A,H,Y,380,0.615,1597
17,7572962,G,A,L,F,383,0.426,1600
17,7572951,C,G,K,N,386,0.668,1604
17,7572943,C,T,G,E,389,0.390,1607
17,7572943,C,A,G,V,389,0.356,1608
17,7572940,G,A,P,L,390,0.316,1611
17,7572938,C,A,D,Y,391,0.697,1614
17,7572932,C,G,D,H,393,0.609,1618
