cancermuts.index,prot.Position,WT.residue,Mutated.residue,CScape.coding.score,MCAP.sensitivity.score,Revel.score
196,91,W,S,0.938299,0.61154,
197,92,P,A,0.94734,0.51538,0.509
199,92,P,L,0.918199,0.59308,0.487
200,92,P,S,0.914989,0.46692,
201,92,P,T,0.934118,0.57308,0.434
202,93,L,M,0.905682,0.72308,0.369
203,93,L,V,0.925096,0.69462,
204,94,S,L,0.927756,0.53615,
205,94,S,P,0.967208,0.44231,0.528
206,94,S,T,0.935375,0.50846,0.533
207,95,S,F,0.940189,0.32231,
209,96,S,C,0.903735,0.34308,0.497
210,96,S,F,0.905376,0.28077,0.401
211,96,S,P,0.957844,0.35,0.522
212,96,S,Y,0.912225,0.21923,
213,97,V,A,0.961635,0.26462,0.854
214,97,V,D,0.933811,0.17077,
215,97,V,F,0.935068,0.29846,
216,97,V,I,0.939104,0.53769,0.593
218,98,P,H,0.899592,0.34538,
219,98,P,L,0.906275,0.27615,0.943
220,98,P,S,0.922063,0.35385,0.952
221,98,P,T,0.917317,0.34538,0.957
222,99,S,F,0.922949,0.32846,0.748
223,99,S,P,0.964304,0.32769,0.730
224,100,Q,K,0.896637,0.54615,0.541
225,101,K,N,0.928987,0.25308,0.340
226,101,K,R,0.927544,0.31231,0.533
227,102,T,A,0.949783,0.46615,
228,102,T,I,0.942463,0.55846,0.540
229,102,T,P,0.962974,0.48846,0.542
230,103,Y,C,0.942574,0.33231,
231,103,Y,H,0.954668,0.46308,
232,104,Q,H,"0.768761, 0.930584",0.67308,0.336
233,104,Q,L,0.915356,0.36923,
234,105,G,A,0.953882,0.30077,0.905
235,105,G,C,0.855124,0.28462,
236,105,G,D,0.916615,0.26615,0.884
238,105,G,R,0.887906,0.26692,
239,105,G,S,0.883558,0.32846,0.883
240,105,G,V,0.915114,0.25769,0.919
241,106,S,I,0.91962,0.38231,
242,106,S,R,0.92084,0.47692,0.635
243,107,Y,C,0.938117,0.27538,0.883
244,107,Y,D,0.92666,0.26615,
245,107,Y,H,0.958183,0.32846,0.569
247,107,Y,S,0.972639,0.26,
248,108,G,A,0.923343,0.42615,
249,108,G,C,0.958333,0.21615,0.654
250,108,G,D,0.923759,0.55308,0.651
251,108,G,S,0.968611,0.39769,0.612
252,109,F,C,0.92749,0.31769,
253,109,F,I,0.928543,0.25077,
254,109,F,L,0.926592,0.61692,
255,109,F,S,0.961851,0.26,0.952
256,109,F,V,0.934145,0.23077,0.875
257,109,F,Y,0.928543,0.29692,
258,110,R,C,0.961872,0.59,
259,110,R,G,0.962811,0.43462,
260,110,R,H,0.958398,0.48846,0.592
261,110,R,L,0.963258,0.40769,
262,110,R,P,0.967801,0.36538,0.593
263,110,R,S,0.959444,0.58769,0.525
264,111,L,M,0.907613,0.40462,
265,111,L,P,0.948004,0.20923,0.864
266,111,L,Q,0.922168,0.26462,0.869
267,111,L,R,0.92958,0.26538,0.862
268,111,L,V,0.912988,0.38,0.456
270,112,G,C,0.856362,0.67308,
271,112,G,D,0.913072,0.72923,
272,112,G,S,0.883558,0.79077,
273,113,F,C,0.929421,0.70231,
275,113,F,I,0.914413,0.65615,
276,113,F,L,"0.907501, 0.914211, 0.947647","0.61615, 0.66769, 0.68",
278,113,F,S,0.958719,0.60846,0.952
279,113,F,V,0.910251,0.61231,
280,114,L,F,0.951272,0.74923,
282,115,H,Y,0.929298,0.53846,
284,116,S,C,0.907501,0.43615,
285,116,S,F,0.907501,0.38,
286,116,S,P,0.956897,0.72462,
287,117,G,A,0.887396,0.32846,
288,117,G,E,0.886018,0.34077,0.784
289,117,G,R,0.921538,0.33615,0.770
290,117,G,V,0.858088,0.25077,
291,118,T,A,0.946273,0.37923,0.842
292,118,T,I,0.931616,0.43077,0.897
293,118,T,R,0.938068,0.38,0.907
294,119,A,D,0.873698,0.25154,0.944
295,119,A,G,0.897431,0.28231,
297,119,A,V,0.875837,0.24,0.906
298,120,K,E,0.909511,0.23692,
299,120,K,M,0.877853,0.20538,0.920
300,120,K,N,0.879866,0.19308,
301,120,K,Q,0.941678,0.24923,
302,120,K,R,0.899137,0.24692,0.861
303,120,K,T,0.881369,0.22846,0.917
304,121,S,F,0.862415,0.26462,0.928
306,121,S,Y,0.871934,0.29692,
307,122,V,L,0.900273,0.33692,0.730
308,123,T,I,0.871185,0.38462,0.859
309,124,C,F,0.893525,0.37154,0.792
310,124,C,G,0.912239,0.31231,
312,124,C,R,0.887938,0.24,0.883
313,124,C,S,0.926143,0.58769,0.668
315,124,C,Y,0.890661,0.41,0.713
316,125,T,A,0.912317,0.28769,0.943
318,125,T,K,0.9336,0.26,0.963
319,125,T,M,0.9336,0.25538,
320,125,T,P,0.941784,0.31,0.945
321,125,T,R,0.937691,0.26538,0.963
322,126,Y,C,0.951004,0.17231,0.981
323,126,Y,D,0.967231,0.17769,0.979
324,126,Y,H,0.957483,0.15077,
325,126,Y,N,0.952816,0.15462,0.965
326,126,Y,S,0.968924,0.14308,
327,127,S,C,0.94139,0.19231,
328,127,S,F,0.939437,0.18077,0.925
329,127,S,P,0.968137,0.21462,0.957
330,127,S,T,0.94334,0.24538,
331,127,S,Y,0.942349,0.18385,0.918
332,128,P,A,0.932098,0.42615,
334,128,P,L,0.906812,0.28846,0.501
336,128,P,S,0.918262,0.40615,
337,129,A,D,0.916787,0.61231,0.553
338,129,A,G,0.947633,0.55385,0.407
340,129,A,T,0.938314,0.74462,0.438
341,129,A,V,0.928363,0.72462,0.468
342,130,L,F,0.91631,0.25154,0.921
343,130,L,H,0.936595,0.09308,0.924
344,130,L,I,0.910271,0.24538,
345,130,L,P,0.964232,0.07615,0.927
346,130,L,R,0.943762,0.07538,0.918
347,130,L,V,0.913115,0.25846,0.887
348,131,N,D,0.951518,0.22231,
349,131,N,H,0.969257,0.15462,0.820
350,131,N,I,0.946552,0.14769,0.939
351,131,N,K,"0.948157, 0.949955","0.35385, 0.37692",
352,131,N,S,0.948788,0.24692,
353,131,N,T,0.973016,0.20769,
354,131,N,Y,0.945227,0.10231,0.879
355,132,K,E,0.948821,0.24077,0.968
357,132,K,M,0.940841,0.29846,
358,132,K,N,"0.936922, 0.946169","0.29692, 0.31",
359,132,K,Q,0.970664,0.24,
360,132,K,R,0.952499,0.19692,
361,132,K,T,0.941512,0.23,
363,133,M,I,"0.965364, 0.968268, 0.97337","0.42615, 0.43462, 0.44308",
364,133,M,K,0.962263,0.28154,0.845
365,133,M,L,"0.902584, 0.953786","0.58769, 0.59",0.426
366,133,M,R,0.964847,0.32231,
367,133,M,T,0.961661,0.25154,
368,133,M,V,0.96831,0.58,0.503
369,134,F,C,0.949906,0.16231,0.949
370,134,F,I,0.954653,0.24231,
371,134,F,L,"0.945664, 0.947274, 0.954411","0.14154, 0.14846, 0.22769","0.872, 0.942"
372,134,F,S,0.948328,0.15,0.942
373,134,F,V,0.96723,0.18692,
375,135,C,F,0.96078,0.27,0.960
376,135,C,G,0.960151,0.18385,0.965
377,135,C,R,0.952564,0.20154,0.964
378,135,C,S,"0.9525, 0.97139","0.22538, 0.30846",0.954
380,135,C,W,0.943166,0.16846,0.884
381,135,C,Y,0.956042,0.26385,0.955
382,136,Q,E,0.938037,0.32231,0.862
383,136,Q,H,"0.951158, 0.977764","0.12846, 0.13",0.946
384,136,Q,K,0.930231,0.48154,0.869
385,136,Q,L,0.947516,0.20846,
386,136,Q,P,0.965996,0.26154,0.964
387,136,Q,R,0.946424,0.36769,0.877
388,137,L,M,0.936036,0.28077,0.637
389,137,L,P,0.967706,0.15,0.950
390,137,L,Q,0.942816,0.19769,0.951
391,137,L,V,0.936036,0.18538,
392,138,A,D,0.927576,0.31538,0.901
393,138,A,P,0.964915,0.34538,
394,138,A,S,0.934393,0.38154,0.911
395,138,A,T,0.935577,0.32769,0.910
396,138,A,V,0.928877,0.34385,0.870
397,139,K,E,0.954835,0.32769,0.844
398,139,K,N,"0.937518, 0.939012","0.18385, 0.18462",
399,139,K,Q,0.971397,0.33231,0.768
400,139,K,R,0.958601,0.26,0.760
401,139,K,T,0.946383,0.20846,
402,140,T,A,0.958121,0.34769,0.806
403,140,T,I,0.929617,0.22385,
404,140,T,N,0.929617,0.21923,0.783
408,141,C,F,0.94441,0.20692,
409,141,C,G,0.969885,0.17692,
410,141,C,R,0.977194,0.19692,0.861
411,141,C,S,"0.936899, 0.971671","0.25846, 0.26769",
412,141,C,W,0.944972,0.16231,0.808
413,141,C,Y,0.946056,0.24,0.897
414,142,P,A,0.933298,0.32538,0.901
416,142,P,H,0.907869,0.26538,0.914
417,142,P,L,0.914054,0.29692,
418,142,P,R,0.913115,0.26538,
419,142,P,S,0.926688,0.30077,0.887
420,142,P,T,0.929726,0.33385,0.891
421,143,V,A,0.960523,0.23231,0.574
422,143,V,E,0.951857,0.22308,
423,143,V,G,0.977061,0.20538,0.692
424,143,V,L,"0.950835, 0.951412","0.31846, 0.32385",0.607
425,143,V,M,0.953422,0.17077,0.659
426,144,Q,H,"0.938912, 0.968905","0.28846, 0.29",0.708
427,144,Q,K,0.941502,0.41,
428,144,Q,L,0.933697,0.36846,0.764
429,144,Q,P,0.971583,0.31692,
430,144,Q,R,0.960614,0.36308,0.751
431,145,L,M,0.933829,0.31462,0.505
432,145,L,P,0.969874,0.29231,
433,145,L,Q,0.945092,0.26769,
434,145,L,R,0.957897,0.25077,
435,145,L,V,0.947969,0.62462,0.462
436,146,W,C,"0.890185, 0.921494","0.21385, 0.23",
437,146,W,G,0.971882,0.36154,
439,146,W,R,"0.944858, 0.960595",0.68769,0.464
440,146,W,S,0.933307,0.49231,0.521
441,147,V,A,0.952767,0.32077,
442,147,V,D,0.953746,0.26385,
444,147,V,F,0.946356,0.37462,0.747
445,147,V,G,0.96896,0.26615,
446,147,V,I,0.945809,0.32769,0.549
448,148,D,E,"0.946998, 0.949683","0.28385, 0.32769",0.289
449,148,D,G,0.959791,0.61308,0.467
450,148,D,H,0.937437,0.23385,
451,148,D,N,0.943138,0.29,
452,148,D,V,0.953639,0.26538,0.551
453,148,D,Y,0.938952,0.24154,
454,149,S,F,0.937763,0.59923,0.457
455,149,S,P,0.970199,0.38308,0.558
456,149,S,T,0.941031,0.57462,0.327
457,149,S,Y,0.932723,0.52692,
458,150,T,A,0.943496,0.68231,0.333
459,150,T,I,0.940915,0.45692,0.381
460,150,T,K,0.918016,0.59462,0.394
461,150,T,R,0.939425,0.38,0.441
462,151,P,A,0.928774,0.41923,
464,151,P,H,0.917792,0.31385,0.870
465,151,P,L,0.922513,0.27846,0.771
466,151,P,R,0.930939,0.33231,0.912
467,151,P,S,0.921622,0.34,0.898
468,151,P,T,0.921622,0.34077,0.911
469,152,P,A,0.970527,0.29692,0.803
471,152,P,L,0.960087,0.23769,
472,152,P,Q,0.95755,0.20154,0.843
473,152,P,R,0.980086,0.19308,0.853
474,152,P,S,0.938313,0.25615,0.863
475,152,P,T,0.934486,0.24923,
476,153,P,A,0.97363,0.26538,0.369
478,153,P,H,0.940459,0.25923,
479,153,P,L,0.948051,0.42154,0.370
480,153,P,S,0.949637,0.29462,
481,153,P,T,0.948695,0.25308,0.382
482,154,G,A,0.983955,0.45769,0.728
483,154,G,C,0.950033,0.43154,0.715
484,154,G,D,0.945875,0.41385,
487,154,G,S,0.961912,0.46615,0.638
488,154,G,V,0.944869,0.29538,0.754
489,155,T,A,0.980478,0.70692,0.337
491,155,T,I,0.930324,0.36923,
493,155,T,N,"0.930324, 0.953534","0.42615, 0.75923",0.548
494,155,T,P,0.990954,0.35538,0.581
495,155,T,S,"0.953534, 0.962076","0.75231, 0.75923",
496,156,R,C,0.947455,0.41846,0.493
497,156,R,G,0.97465,0.32,0.580
498,156,R,H,0.96266,0.33692,0.627
499,156,R,L,0.962314,0.36923,
500,156,R,P,0.986935,0.27308,
501,156,R,S,0.944161,0.44462,
502,157,V,A,0.990933,0.23769,
503,157,V,D,0.97115,0.14308,
505,157,V,F,0.966807,0.12462,0.708
506,157,V,G,0.987158,0.16308,
507,157,V,I,0.96828,0.08308,
508,157,V,L,0.986301,0.18462,
509,158,R,C,0.950198,0.24077,0.835
511,158,R,G,0.978652,0.23308,0.862
512,158,R,H,0.962157,0.33385,0.844
513,158,R,L,0.960211,0.19615,0.891
514,158,R,P,0.991304,0.20231,
515,158,R,S,0.947067,0.24692,0.864
516,159,A,D,0.923448,0.22308,0.836
518,159,A,P,0.986052,0.25077,0.815
519,159,A,S,0.960657,0.24,0.727
520,159,A,T,0.962582,0.35385,
521,159,A,V,0.924817,0.21154,0.774
522,160,M,I,"0.92097, 0.941514, 0.942498","0.39308, 0.39692",
523,160,M,K,0.946623,0.21923,
524,160,M,L,0.986723,0.43462,0.569
526,160,M,R,0.975767,0.23462,
527,160,M,T,0.977082,0.32769,0.669
528,160,M,V,0.973126,0.34462,
529,161,A,D,0.925478,0.15,0.908
531,161,A,G,0.937559,0.17615,0.809
533,161,A,P,0.968974,0.46692,
534,161,A,S,0.932478,0.23,0.752
535,161,A,T,0.933694,0.16462,
536,161,A,V,0.926814,0.14462,0.803
537,162,I,F,0.950694,0.14308,
538,162,I,M,0.936259,0.25154,0.629
539,162,I,N,0.945086,0.16231,
540,162,I,S,0.962384,0.15462,
542,162,I,V,0.952801,0.51,0.498
543,163,Y,C,0.949367,0.21154,
544,163,Y,D,0.94672,0.25231,0.906
546,163,Y,H,0.970405,0.29231,0.904
547,163,Y,N,0.940478,0.23615,0.907
548,163,Y,S,0.975834,0.22308,
549,164,K,E,0.950076,0.20692,0.875
550,164,K,M,0.941448,0.24462,
551,164,K,N,"0.92967, 0.963072","0.25308, 0.26154",
552,164,K,Q,0.969156,0.18385,0.899
553,164,K,R,0.95016,0.32769,
554,164,K,T,0.940789,0.27077,
555,165,Q,E,0.953601,0.40462,0.572
556,165,Q,H,"0.943727, 0.944383",0.19231,
557,165,Q,K,0.815757,0.67615,
558,165,Q,L,0.939529,0.23769,0.574
559,165,Q,P,0.966685,0.18769,0.653
560,165,Q,R,0.954207,0.43462,0.475
561,166,S,A,0.963082,0.30462,0.487
564,166,S,L,0.945713,0.33231,0.613
565,166,S,P,0.971953,0.17692,0.707
566,166,S,T,0.94346,0.17231,0.512
567,167,Q,E,0.930382,0.38154,0.467
568,167,Q,H,"0.938912, 0.966828","0.18, 0.18462",
569,167,Q,K,0.922181,0.15,0.647
570,167,Q,L,0.939529,0.16538,0.569
571,167,Q,R,0.954207,0.20154,0.566
572,168,H,D,0.953601,0.25154,0.551
573,168,H,L,0.941307,0.36231,
574,168,H,N,0.942197,0.26615,0.566
575,168,H,P,0.972323,0.36308,0.526
576,168,H,Q,"0.920997, 0.941696","0.45154, 0.45308",0.568
577,168,H,R,0.942229,0.40769,
579,168,H,Y,0.94447,0.58,0.501
580,169,M,I,0.947274,"0.26462, 0.26692",
582,169,M,L,0.950021,0.43077,
583,169,M,T,0.959167,0.38846,0.726
584,169,M,V,0.9601,0.68,
585,170,T,A,0.949242,0.47154,0.518
586,170,T,K,0.969245,0.29462,
587,170,T,M,0.969245,0.28769,
588,170,T,P,0.973718,0.22923,0.808
589,170,T,R,0.968382,0.20538,0.867
590,170,T,S,0.944719,0.40615,0.629
591,171,E,A,0.946932,0.20846,0.896
592,171,E,D,"0.916289, 0.940652","0.39846, 0.4",0.597
593,171,E,G,0.956447,0.19308,0.917
594,171,E,K,0.935577,0.26462,0.873
595,171,E,Q,0.935577,0.32846,0.849
596,171,E,V,0.935701,0.15846,0.922
597,172,V,A,0.948811,0.27231,
598,172,V,D,0.949867,0.20231,0.952
599,172,V,F,0.945923,0.15462,0.917
600,172,V,G,0.969099,0.21923,0.953
601,172,V,I,0.942105,0.42923,0.645
602,173,V,A,0.956409,0.17692,0.758
603,173,V,E,0.949747,0.17077,0.749
604,173,V,G,0.97683,0.15769,0.769
605,173,V,L,"0.953926, 0.957895","0.32846, 0.33923",0.880
606,173,V,M,0.956679,0.32769,0.892
610,174,R,G,0.966175,0.21077,
612,174,R,K,0.932333,0.60385,0.381
613,174,R,M,0.912117,0.23462,0.628
615,174,R,S,"0.932588, 0.968974","0.36308, 0.37",0.639
616,174,R,T,0.940937,0.33923,
617,174,R,W,0.938076,0.25385,
618,175,R,C,0.959982,0.12692,
619,175,R,G,0.974749,0.10846,0.829
620,175,R,H,0.9618,0.42,0.922
621,175,R,L,0.959837,0.26077,0.960
622,175,R,P,0.980494,0.26692,0.966
623,175,R,S,0.962475,0.10846,0.831
624,176,C,F,0.948187,0.15385,0.951
625,176,C,G,0.981342,0.15538,
627,176,C,R,0.988296,0.17077,
628,176,C,S,"0.960889, 0.986514","0.24154, 0.29692","0.945, 0.946"
630,176,C,W,0.964592,0.06538,
631,176,C,Y,0.949727,0.12462,0.949
633,177,P,H,0.920088,0.26692,
635,177,P,L,0.924688,0.26692,0.865
636,177,P,R,0.955173,0.25538,
637,177,P,S,0.924688,0.37154,0.877
638,177,P,T,0.920088,0.35385,
639,178,H,D,0.938067,0.18077,
640,178,H,L,0.935634,0.10846,
641,178,H,N,0.920088,0.48923,0.722
642,178,H,P,0.984713,0.12154,0.918
643,178,H,Q,"0.925501, 0.928551","0.09846, 0.10231",0.814
644,178,H,Y,0.930242,0.20154,
645,179,H,D,0.926437,0.29769,0.916
646,179,H,L,0.949314,0.24692,0.882
647,179,H,N,0.921844,0.29308,0.902
648,179,H,P,0.977581,0.23769,0.911
649,179,H,Q,"0.940354, 0.960575",0.21923,0.790
650,179,H,R,0.955047,0.27,0.935
651,179,H,Y,0.931792,0.26538,0.948
652,180,E,D,"0.938082, 0.971641","0.25538, 0.26692",
653,180,E,G,0.965153,0.21462,0.915
654,180,E,K,0.944201,0.37923,
655,180,E,Q,0.941919,0.53154,0.659
656,181,R,C,0.963365,0.27077,0.891
657,181,R,G,0.971125,0.26,0.886
658,181,R,H,0.966061,0.20308,0.797
659,181,R,L,0.961444,0.26231,0.680
660,181,R,P,0.979651,0.18538,
661,181,R,S,0.965655,0.42,0.778
663,182,C,R,0.98064,0.29,0.644
664,182,C,S,"0.94234, 0.972801","0.60846, 0.62923","0.438, 0.455"
665,182,C,W,0.946135,0.23769,0.659
666,182,C,Y,0.945713,0.30462,0.634
667,183,S,L,0.93839,0.20538,0.556
668,183,S,P,0.959074,0.32846,0.457
671,184,D,E,0.911955,0.35615,
673,184,D,H,0.938912,0.48308,0.700
674,184,D,N,0.911979,0.51846,
676,184,D,Y,0.936447,0.49308,0.715
677,185,S,C,0.934052,0.25538,0.425
678,185,S,G,0.946144,0.50615,0.497
679,185,S,I,0.930739,0.22692,0.452
680,185,S,N,0.935448,0.55692,0.325
681,185,S,R,"0.969352, 0.973966","0.18769, 0.20462",0.520
683,186,D,E,0.942739,0.32538,0.643
684,186,D,G,0.954428,0.24077,0.680
685,186,D,H,0.981576,0.21769,0.692
686,186,D,N,0.971918,0.33231,
687,186,D,V,0.952204,0.17769,0.800
690,187,G,C,0.925335,0.32769,
691,187,G,D,0.941204,0.38846,
692,187,G,R,0.941623,0.27923,
693,187,G,S,0.93694,0.47154,0.649
694,187,G,V,0.941795,0.20692,
695,188,L,M,0.936442,0.56077,0.473
697,188,L,Q,0.94087,0.35385,
698,188,L,V,0.934168,0.44462,0.572
699,189,A,D,0.925599,0.26154,
700,189,A,G,0.951039,0.25308,0.754
701,189,A,P,0.969622,0.35385,
702,189,A,S,0.943298,0.32923,0.700
703,189,A,T,0.938265,0.25538,0.728
704,189,A,V,0.926933,0.26846,0.790
705,190,P,A,0.954784,0.32769,0.757
707,190,P,H,0.907869,0.35385,0.731
708,190,P,L,0.914054,0.25154,0.824
710,190,P,R,0.920977,0.26462,0.846
711,190,P,S,0.931581,0.26538,
712,190,P,T,0.927369,0.23615,0.822
713,191,P,A,0.933858,0.25615,0.598
714,191,P,H,0.909867,0.22923,
715,191,P,L,0.915931,0.18769,
716,191,P,R,0.925998,0.67538,0.617
717,191,P,S,0.932861,0.23308,0.722
718,191,P,T,0.936068,0.18154,0.727
719,192,Q,H,"0.936019, 0.965133","0.24462, 0.25154",0.534
720,192,Q,K,0.95279,0.25615,0.640
721,192,Q,L,0.941257,0.08615,
722,192,Q,R,0.959044,0.08308,0.677
723,193,H,D,0.957653,0.30923,
724,193,H,L,0.952119,0.25231,0.864
725,193,H,N,0.9494,0.40462,
726,193,H,P,0.972276,0.25692,0.870
727,193,H,Q,"0.950061, 0.966385",0.32846,
728,193,H,R,0.95755,0.25154,0.884
729,193,H,Y,0.946065,0.32385,0.887
730,194,L,F,0.950231,0.26462,0.851
731,194,L,H,0.944112,0.35231,
732,194,L,I,0.94691,0.24538,
733,194,L,P,0.965544,0.34538,0.937
734,194,L,R,0.940125,0.35846,0.933
735,194,L,V,0.941954,0.25154,
736,195,I,F,0.958869,0.25846,0.904
738,195,I,L,0.954988,0.29462,0.724
739,195,I,M,0.935631,0.35,0.755
740,195,I,N,0.946664,0.14308,0.840
741,195,I,S,0.967159,0.14308,0.865
742,195,I,T,0.974904,0.19308,0.851
743,195,I,V,0.95155,0.35615,
744,196,R,G,0.980222,0.18923,
745,196,R,L,0.982112,0.19923,
746,196,R,P,0.986198,0.22692,0.941
747,196,R,Q,0.981938,0.26692,
748,197,V,A,0.953119,0.25154,0.823
749,197,V,E,0.953172,0.18385,0.897
750,197,V,G,0.973094,0.21615,0.914
751,197,V,L,"0.945342, 0.950227","0.34615, 0.35385",
752,197,V,M,0.945342,0.31692,0.758
754,198,E,D,0.939475,0.17615,
755,198,E,G,0.954946,0.26538,
756,198,E,K,0.944289,0.26538,0.910
757,198,E,Q,0.949796,0.31692,0.889
758,198,E,V,0.954169,0.19231,0.926
759,199,G,A,0.953003,0.34385,0.888
760,199,G,E,0.963431,0.33385,
763,199,G,R,0.92549,0.16154,0.883
765,199,G,V,0.965528,0.28769,0.899
766,200,N,D,0.94823,0.28077,0.840
767,200,N,I,0.954184,0.18923,0.792
769,200,N,S,0.946999,0.33769,0.678
770,200,N,T,0.953466,0.28846,0.768
771,200,N,Y,0.960146,0.17846,
772,201,L,F,"0.936606, 0.959128","0.22308, 0.23308",0.446
774,201,L,S,0.952138,0.59923,0.505
775,201,L,V,0.949715,0.10923,0.447
776,202,R,C,0.983023,0.23385,
777,202,R,G,0.984382,0.32385,0.483
778,202,R,H,0.899736,0.59077,0.528
779,202,R,L,0.982946,0.50308,0.530
780,202,R,P,0.985481,0.25615,
781,202,R,S,0.984105,0.39846,0.486
782,203,V,A,0.897327,0.71846,0.526
783,203,V,E,0.957234,0.21923,
784,203,V,L,0.952176,0.37692,0.506
785,203,V,M,0.953604,0.35538,0.519
786,204,E,A,0.94724,0.40769,0.600
787,204,E,D,"0.945464, 0.956464","0.32769, 0.33",
788,204,E,G,0.956702,0.26462,0.604
789,204,E,K,0.936787,0.64692,0.624
790,204,E,Q,0.94147,0.32846,
791,204,E,V,0.939743,0.28846,0.588
792,205,Y,C,0.955355,0.26077,0.873
793,205,Y,D,0.966889,0.28077,0.925
794,205,Y,F,0.957242,0.27538,
795,205,Y,H,0.955357,0.39769,
796,205,Y,N,0.954653,0.26538,0.897
797,205,Y,S,0.95394,0.23769,0.852
798,206,L,F,0.947296,0.46308,0.421
799,207,D,A,0.95971,0.23769,0.518
800,207,D,E,0.937317,0.42769,0.435
801,207,D,G,0.95902,0.25769,0.616
802,207,D,N,0.962592,0.32846,0.406
803,207,D,Y,0.96183,0.18923,0.606
804,208,D,E,"0.948157, 0.952056","0.18692, 0.19",
805,208,D,G,0.95564,0.26769,0.944
806,208,D,H,0.950539,0.35385,0.930
808,208,D,N,0.94748,0.40923,
809,208,D,V,0.950944,0.27615,0.950
810,208,D,Y,0.952687,0.38462,0.943
811,209,R,G,0.957596,0.33154,0.635
812,209,R,I,0.927446,0.49462,0.532
813,209,R,K,0.892425,0.70077,0.453
814,209,R,S,0.942928,0.25692,
815,209,R,T,0.923858,0.52846,
816,210,N,D,0.940786,0.26615,0.300
817,210,N,H,0.940786,0.34538,0.340
819,210,N,K,0.944042,0.54692,0.369
820,210,N,S,0.947919,0.46692,0.262
821,210,N,T,0.971528,0.55154,0.380
823,211,T,A,0.948814,0.29692,0.881
824,211,T,I,0.963013,0.29462,
825,211,T,N,0.966733,0.32308,
826,211,T,P,0.978003,0.22923,
827,211,T,S,0.958317,0.48923,
828,212,F,C,0.941461,0.25538,0.647
829,212,F,I,0.93951,0.35385,0.478
830,212,F,L,"0.937385, 0.948373","0.75077, 0.76923","0.481, 0.489"
831,212,F,S,0.941185,0.47231,0.554
832,212,F,V,0.937677,0.42615,
833,212,F,Y,0.94401,0.36538,0.395
834,213,R,G,0.990608,0.29462,
835,213,R,L,0.987167,0.32769,
836,213,R,P,0.990667,0.29462,0.951
837,213,R,Q,0.990096,0.33231,0.920
840,214,H,D,0.951846,0.26615,
841,214,H,L,0.956777,0.17462,
842,214,H,P,0.973481,0.20308,
843,214,H,Q,"0.927409, 0.938893",0.54077,
844,214,H,R,0.955059,0.23615,0.885
845,214,H,Y,0.953029,0.26538,0.736
846,215,S,C,0.950396,0.18692,
847,215,S,G,0.958761,0.25385,0.896
848,215,S,I,0.944433,0.32538,0.913
850,215,S,N,0.944433,0.38462,0.785
851,215,S,R,"0.948923, 0.951688, 0.973415","0.17923, 0.22692","0.812, 0.917"
852,215,S,T,0.9471,0.37846,
853,216,V,A,0.953668,0.26769,0.961
854,216,V,E,0.953719,0.23846,
855,216,V,G,0.973415,0.24692,0.980
856,216,V,L,"0.951992, 0.953291","0.41308, 0.41769",0.948
857,216,V,M,0.953424,0.38,0.956
859,217,V,A,0.964017,0.15462,
860,217,V,E,0.953165,0.09462,
861,217,V,G,0.976488,0.12615,0.731
863,217,V,L,"0.943511, 0.947015","0.47692, 0.48231",
865,218,V,A,0.96773,0.25769,0.974
866,218,V,E,0.955205,0.19308,
867,218,V,G,0.983144,0.22923,0.972
868,218,V,L,0.944095,0.43077,
869,218,V,M,0.943526,0.37923,
871,219,P,H,0.928467,0.38846,
872,219,P,L,0.93262,0.33154,
873,219,P,R,0.932098,0.39308,
874,219,P,S,0.934645,0.41077,0.960
875,219,P,T,0.933442,0.40538,
876,220,Y,C,0.956243,0.22923,0.936
877,220,Y,D,0.939489,0.21154,0.934
878,220,Y,H,0.971498,0.26692,0.909
880,220,Y,N,0.937574,0.19923,0.910
881,220,Y,S,0.954855,0.18538,0.918
883,221,E,D,"0.944268, 0.971596","0.39769, 0.40154",0.669
884,221,E,G,0.965759,0.33231,0.826
885,221,E,K,0.946311,0.30154,0.897
886,221,E,V,0.943143,0.23769,0.901
887,222,P,A,0.947067,0.61692,0.395
888,222,P,L,0.96058,0.68,
889,222,P,Q,0.962271,0.32846,0.626
890,222,P,S,0.927604,0.66154,0.344
891,222,P,T,0.926281,0.78846,0.533
892,223,P,A,0.947067,0.37923,0.759
893,223,P,H,0.917414,0.39154,0.728
894,223,P,L,0.914832,0.50231,0.634
895,223,P,R,0.927335,0.38,0.740
896,223,P,S,0.934645,0.36308,0.765
897,223,P,T,0.933442,0.47923,
898,224,E,D,"0.922993, 0.938171","0.25385, 0.25692",0.697
899,224,E,G,0.966096,0.18923,0.890
900,224,E,K,0.950272,0.27,
901,224,E,Q,0.953124,0.47154,0.533
902,224,E,V,0.943143,0.16,
903,225,V,A,0.943246,0.22923,0.449
904,225,V,D,0.945917,0.18769,0.645
905,225,V,F,0.942576,0.2,0.704
906,225,V,G,0.962432,0.21462,0.644
907,225,V,I,0.938537,0.25846,0.388
909,226,G,A,0.958641,0.27231,0.767
910,226,G,D,0.933158,0.25538,
911,226,G,S,0.939684,0.48,0.866
912,226,G,V,0.931932,0.23077,0.838
914,227,S,F,0.921648,0.34231,
915,227,S,P,0.957863,0.30231,0.681
917,227,S,Y,0.927414,0.30846,0.772
918,228,D,A,0.970814,0.19308,0.758
919,228,D,E,"0.920025, 0.929847","0.38, 0.38154",
920,228,D,G,0.956678,0.24769,0.704
921,228,D,H,0.942228,0.28,
922,228,D,N,0.942088,0.34077,0.546
923,228,D,V,0.943506,0.13077,0.829
924,228,D,Y,0.942088,0.24923,0.849
925,229,C,F,0.94736,0.35923,0.401
926,229,C,G,0.944331,0.19462,0.738
927,229,C,R,0.95071,0.17231,0.754
928,229,C,S,"0.9245, 0.945291","0.38154, 0.53615","0.535, 0.600"
929,229,C,W,0.959784,0.25231,0.594
930,229,C,Y,0.944474,0.59308,
931,230,T,A,0.947279,0.32846,0.856
932,230,T,I,0.928307,0.39538,0.936
933,230,T,N,0.928307,0.40769,0.875
934,230,T,P,0.9722,0.22308,0.920
935,230,T,S,0.947279,0.28,0.863
936,231,T,A,0.948304,0.26538,
937,231,T,I,0.928307,0.32769,0.942
938,231,T,N,0.928307,0.35,
939,231,T,P,0.972588,0.17615,
940,231,T,S,0.938205,0.21538,0.922
941,232,I,F,0.946894,0.12615,
942,232,I,L,0.96918,0.24615,0.688
944,232,I,N,0.94334,0.12615,
945,232,I,S,0.959447,0.09846,0.935
946,232,I,T,0.972093,0.15462,0.920
947,232,I,V,0.949155,0.56846,0.419
948,233,H,D,0.931091,0.16923,0.876
949,233,H,L,0.944725,0.41308,0.579
950,233,H,P,0.973503,0.09308,0.844
951,233,H,Q,0.925588,0.14308,0.669
952,233,H,R,0.949988,0.14154,0.717
953,233,H,Y,0.919678,0.23769,
954,234,Y,C,0.947279,0.11846,0.945
955,234,Y,D,0.933615,0.24692,0.876
956,234,Y,F,0.940661,0.24077,0.686
957,234,Y,H,0.954236,0.20077,0.890
958,234,Y,N,0.9245,0.14308,0.941
961,234,Y,S,0.9722,0.08692,
962,235,N,D,0.948637,0.26231,0.912
963,235,N,H,0.967393,0.22308,0.902
964,235,N,I,0.947578,0.17538,0.886
965,235,N,K,0.937436,0.32385,
967,235,N,S,0.950549,0.34538,0.593
968,235,N,T,0.973,0.22385,0.872
969,235,N,Y,0.943135,0.18692,0.932
970,236,Y,C,0.951402,0.12077,0.811
971,236,Y,D,0.936547,0.06846,0.845
972,236,Y,F,0.955465,0.54,0.468
973,236,Y,H,0.959531,0.09769,0.772
975,236,Y,N,0.929203,0.06154,
976,236,Y,S,0.973476,0.09692,
977,237,M,I,"0.947075, 0.955842, 0.962865","0.16538, 0.16615, 0.17615",0.923
978,237,M,K,0.939755,0.11846,
979,237,M,L,"0.94458, 0.96918","0.22692, 0.25462",
980,237,M,R,0.957291,0.10769,0.948
981,237,M,T,0.957908,0.11692,0.948
982,237,M,V,0.952888,0.17923,0.937
983,238,C,F,0.962865,0.17077,0.958
984,238,C,G,0.971543,0.07538,0.938
985,238,C,R,0.953571,0.08,
986,238,C,S,"0.947075, 0.947557","0.08077, 0.17692","0.946, 0.956"
987,238,C,W,0.960028,0.06538,0.896
988,238,C,Y,0.955842,0.17077,0.957
989,239,N,D,0.941695,0.17231,0.948
990,239,N,H,0.941695,0.16154,
991,239,N,I,0.947578,0.09308,0.943
992,239,N,K,"0.945699, 0.947578",0.14923,0.811
993,239,N,S,0.948386,0.14462,0.897
994,239,N,T,0.971789,0.12846,0.935
995,239,N,Y,0.941553,0.14308,0.905
996,240,S,C,0.93639,0.15231,
998,240,S,G,0.952881,0.17692,0.872
999,240,S,I,0.934421,0.21923,0.883
1001,240,S,R,"0.943563, 0.960196, 0.961745","0.09462, 0.09923, 0.15462",
1002,240,S,T,0.937538,0.31462,0.800
1003,241,S,A,0.942281,0.14462,
1004,241,S,C,0.919992,0.16615,
1005,241,S,F,0.929822,0.13923,0.958
1006,241,S,P,0.966433,0.10308,0.954
1007,241,S,T,0.941088,0.10615,
1009,241,S,Y,0.929222,0.14154,0.960
1010,242,C,F,0.939778,0.23308,0.977
1011,242,C,G,0.944254,0.10308,0.963
1012,242,C,R,0.950641,0.14769,0.966
1013,242,C,S,"0.923131, 0.965805","0.11769, 0.23769",0.947
1014,242,C,W,0.950723,0.23615,0.940
1015,242,C,Y,0.941553,0.23615,
1016,243,M,I,"0.915083, 0.937053, 0.943847","0.20231, 0.21154, 0.21231",
1017,243,M,K,0.936662,0.14769,0.933
1018,243,M,L,"0.945413, 0.973878","0.18385, 0.19231",0.763
1019,243,M,R,0.960361,0.17231,0.890
1020,243,M,T,0.958945,0.15,
1021,243,M,V,0.959882,0.46692,0.705
1022,244,G,A,0.965917,0.31154,
1023,244,G,C,0.873519,0.23231,
1024,244,G,D,0.926755,0.25154,0.953
1027,244,G,R,0.913801,0.23769,0.942
1028,244,G,S,0.89877,0.28462,0.936
1029,244,G,V,0.925421,0.23385,
1030,245,G,A,0.965256,0.31769,
1031,245,G,C,0.958615,0.26077,0.970
1032,245,G,D,0.926755,0.25846,0.974
1039,245,G,R,0.978937,0.24231,0.961
1040,245,G,S,0.968521,0.31769,0.947
1041,245,G,V,0.925421,0.24154,0.972
1043,246,M,I,"0.937486, 0.939932","0.42923, 0.43, 0.43077",0.838
1044,246,M,K,0.933933,0.14308,0.963
1045,246,M,L,"0.945413, 0.975144","0.23769, 0.24",0.865
1046,246,M,R,0.956231,0.14154,0.959
1047,246,M,T,0.954675,0.12462,0.956
1048,246,M,V,0.951565,0.15692,0.924
1049,247,N,D,0.956812,0.22385,
1051,247,N,I,0.944863,0.14154,0.953
1052,247,N,K,0.926348,0.14308,0.889
1053,247,N,S,0.944863,0.21923,0.935
1054,247,N,T,0.977189,0.19231,
1055,247,N,Y,0.939503,0.15462,0.959
1057,248,R,G,0.965292,0.12,0.932
1059,248,R,L,0.943707,0.18692,0.960
1060,248,R,P,0.969774,0.18692,
1061,248,R,Q,0.957021,0.23769,0.934
1062,248,R,W,0.950353,0.17615,0.927
1064,249,R,G,0.981554,0.20538,0.888
1066,249,R,K,0.9267,0.28231,0.893
1067,249,R,M,0.90932,0.21154,0.911
1068,249,R,S,"0.925421, 0.965256","0.16154, 0.16231",0.769
1069,249,R,T,0.949721,0.20385,0.921
1071,249,R,W,0.948944,0.19846,0.846
1072,250,P,A,0.938503,0.36692,0.892
1074,250,P,H,0.90935,0.24538,0.941
1075,250,P,L,0.914511,0.24,0.962
1078,250,P,R,0.916122,0.24769,
1079,250,P,S,0.917032,0.29769,0.939
1080,250,P,T,0.915533,0.25154,0.949
1081,251,I,F,0.945413,0.16231,
1082,251,I,L,0.973792,0.28077,
1083,251,I,M,0.925698,0.25077,0.779
1084,251,I,N,0.941766,0.12462,
1085,251,I,S,0.962243,0.12462,0.959
1086,251,I,T,0.973829,0.15,
1087,251,I,V,0.956115,0.27769,0.856
1088,252,L,F,0.917519,0.32769,0.716
1089,252,L,H,0.933007,0.24077,0.914
1090,252,L,P,0.958057,0.16231,0.952
1091,253,T,A,0.953375,0.25769,
1093,253,T,I,0.931822,0.32769,
1094,253,T,N,0.936743,0.20154,0.895
1095,253,T,P,0.976374,0.18769,
1096,253,T,S,"0.942904, 0.944164","0.20615, 0.22769","0.851, 0.854"
1098,254,I,F,0.947383,0.16154,
1099,254,I,L,0.96937,0.27,
1100,254,I,M,0.939724,0.25077,
1101,254,I,N,0.941421,0.12692,0.962
1102,254,I,S,0.962219,0.11846,0.953
1103,254,I,T,0.972265,0.14154,
1104,254,I,V,0.953324,0.32846,0.780
1105,255,I,F,0.945089,0.17462,0.785
1106,255,I,M,0.939724,0.22923,0.791
1107,255,I,N,0.945132,0.17077,0.928
1108,255,I,S,0.965216,0.14308,0.943
1109,255,I,T,0.970814,0.17692,0.948
1110,255,I,V,0.949624,0.26615,0.628
1111,256,T,A,0.953375,0.16615,0.909
1112,256,T,I,0.945889,0.20154,
1113,256,T,K,0.924764,0.20308,
1114,256,T,P,0.970955,0.14308,
1115,256,T,R,0.946851,0.20231,
1116,256,T,S,0.941738,0.18769,0.846
1117,257,L,P,0.959098,0.14385,0.933
1118,257,L,Q,0.933007,0.20154,
1119,257,L,R,0.945552,0.19538,
1120,257,L,V,0.93377,0.30846,0.896
1121,258,E,A,0.944367,0.25308,0.955
1122,258,E,D,"0.934863, 0.942805","0.40923, 0.41231",0.897
1123,258,E,G,0.95385,0.32308,0.952
1124,258,E,K,0.929833,0.30462,0.961
1126,258,E,Q,0.934896,0.35385,0.936
1127,258,E,V,0.93913,0.28769,0.963
1128,259,D,A,0.968726,0.18846,
1129,259,D,E,0.929864,0.20231,
1131,259,D,G,0.953519,0.23231,
1132,259,D,H,0.934266,0.37154,
1134,259,D,N,0.89989,0.53692,
1136,259,D,V,0.942983,0.09308,0.742
1137,259,D,Y,0.932664,0.32769,0.737
1138,260,S,A,0.935673,0.41154,0.599
1139,260,S,C,0.928741,0.40923,
1140,260,S,F,0.925698,0.38,
1141,260,S,P,0.958826,0.43154,0.659
1142,260,S,T,0.927162,0.28308,
1143,260,S,Y,0.929222,0.48077,0.668
1144,261,S,C,0.928707,0.15077,0.547
1145,261,S,G,0.953502,0.18077,0.529
1146,261,S,I,0.91635,0.13846,0.532
1147,261,S,N,0.816478,0.38462,
1148,261,S,R,"0.948055, 0.965656, 0.970086","0.28846, 0.37077","0.390, 0.391, 0.456"
1149,261,S,T,0.934543,0.42154,
1150,262,G,C,0.946784,0.27769,
1151,262,G,D,0.958216,0.33923,
1153,262,G,R,0.944252,0.34077,0.889
1154,262,G,S,0.954363,0.33923,
1155,262,G,V,0.964125,0.31,0.929
1156,263,N,D,0.937305,0.34692,
1157,263,N,H,0.938497,0.34692,0.315
1158,263,N,I,0.943172,0.33154,0.318
1159,263,N,K,0.95041,0.77923,0.213
1161,264,L,I,0.945581,0.45154,0.378
1162,264,L,P,0.963588,0.34538,0.831
1163,264,L,Q,0.936099,0.31231,0.813
1164,264,L,R,0.93682,0.40154,
1165,264,L,V,0.93142,0.81923,0.381
1166,265,L,M,0.930925,0.37923,0.870
1167,265,L,P,0.956829,0.27077,0.948
1168,265,L,Q,0.93463,0.32385,
1169,265,L,R,0.941338,0.31846,0.965
1172,266,G,A,0.94693,0.43615,0.960
1173,266,G,E,0.935131,0.27077,0.973
1175,266,G,R,"0.909789, 0.919432",0.26,0.963
1178,266,G,V,0.946865,0.28385,0.974
1179,267,R,G,0.980644,0.24923,0.946
1180,267,R,L,0.971031,0.20846,
1181,267,R,P,0.982599,0.2,0.927
1182,267,R,Q,0.978033,0.22769,0.902
1183,267,R,W,0.979311,0.26769,
1185,268,N,H,0.929321,0.57308,0.404
1186,268,N,I,0.937454,0.28231,
1187,268,N,K,0.944022,0.35385,0.344
1188,268,N,S,0.946765,0.44923,0.327
1189,268,N,Y,0.936967,0.43615,0.561
1190,269,S,C,0.936161,0.42692,
1191,269,S,G,0.950664,0.26385,0.688
1192,269,S,I,0.952393,0.28462,0.810
1193,269,S,N,0.952393,0.32846,0.729
1194,269,S,R,"0.923348, 0.933097, 0.959927","0.18769, 0.45923, 0.46538",
1195,269,S,T,0.961303,0.46231,
1196,270,F,C,0.942281,0.26,0.929
1197,270,F,I,0.931821,0.26462,0.938
1198,270,F,L,"0.941553, 0.948726, 0.960354","0.19308, 0.19692, 0.29231",0.827
1199,270,F,S,0.940477,0.20231,0.945
1200,270,F,V,0.931377,0.25538,0.926
1201,270,F,Y,0.941553,0.22692,0.936
1202,271,E,D,"0.907533, 0.927492","0.24, 0.25923","0.843, 0.844"
1203,271,E,G,0.95463,0.20308,0.967
1204,271,E,K,0.940645,0.31846,
1206,271,E,Q,0.945151,0.42,
1208,271,E,V,0.939788,0.17692,
1209,272,V,A,0.956109,0.29538,
1210,272,V,E,0.943379,0.20846,0.806
1211,272,V,G,0.972756,0.32846,0.707
1213,272,V,L,"0.936501, 0.942127","0.40615, 0.41923",
1214,272,V,M,0.93586,0.40846,0.907
1215,273,R,C,0.96409,0.26462,0.901
1216,273,R,G,0.971701,0.26077,0.902
1217,273,R,H,0.9705,0.37923,0.868
1218,273,R,L,0.972289,0.28385,0.921
1220,273,R,P,0.97637,0.28615,0.932
1222,273,R,S,0.966336,0.27077,0.906
1225,274,V,A,0.945415,0.32,
1227,274,V,D,0.947989,0.23615,0.889
1228,274,V,F,0.946976,0.37692,
1229,274,V,G,0.963896,0.26769,0.865
1230,274,V,I,0.945778,0.60385,0.367
1231,274,V,L,0.94204,0.35385,0.630
1232,275,C,F,0.951439,0.28846,0.981
1233,275,C,G,0.953815,0.21538,
1234,275,C,R,0.945091,0.25154,
1235,275,C,S,"0.946896, 0.947314","0.23077, 0.33692",0.982
1236,275,C,W,0.971783,0.19615,
1237,275,C,Y,0.948532,0.27,0.972
1238,276,A,D,0.929233,0.32308,0.951
1240,276,A,G,0.943209,0.36769,0.930
1241,276,A,P,0.966709,0.38,0.949
1242,276,A,S,0.942925,0.38308,
1243,276,A,T,0.938575,0.40769,
1244,276,A,V,0.923057,0.32769,0.934
1245,277,C,F,0.946957,0.37692,0.932
1246,277,C,G,0.956955,0.18769,0.846
1247,277,C,R,0.966876,0.17077,0.889
1248,277,C,S,"0.932395, 0.947577","0.18692, 0.45462",
1249,277,C,W,0.968929,0.16923,
1250,277,C,Y,0.948532,0.36077,
1251,278,P,A,0.933907,0.37923,
1253,278,P,H,0.900122,0.24231,0.950
1254,278,P,L,0.906774,0.22231,0.940
1255,278,P,R,0.907123,0.23692,
1256,278,P,S,0.925698,0.35692,0.963
1257,278,P,T,0.936116,0.34385,0.954
1261,279,G,E,0.905986,0.20231,0.907
1262,279,G,R,"0.93246, 0.933862",0.26692,0.896
1263,279,G,V,0.893239,0.18846,
1264,279,G,W,0.91941,0.38846,
1265,280,R,G,0.958499,0.21154,0.924
1266,280,R,I,0.941446,0.33462,0.942
1267,280,R,K,0.910146,0.35308,0.935
1269,280,R,S,"0.928491, 0.952332",0.08846,0.878
1270,280,R,T,0.941589,0.32462,0.940
1271,281,D,A,0.979103,0.22923,0.977
1272,281,D,E,"0.922659, 0.929724","0.15692, 0.16231",0.909
1273,281,D,G,0.963662,0.23615,0.974
1274,281,D,H,0.941589,0.37154,
1275,281,D,N,0.910146,0.38308,
1278,281,D,V,0.949387,0.19231,
1279,281,D,Y,0.941446,0.35,0.957
1280,282,R,G,0.954168,0.26,0.863
1282,282,R,L,0.944041,0.31692,
1283,282,R,P,0.979492,0.33231,
1284,282,R,Q,0.954441,0.37692,0.887
1285,282,R,W,0.951229,0.26769,0.896
1286,283,R,C,0.954819,0.24,0.740
1287,283,R,G,0.975233,0.35308,
1288,283,R,H,0.949789,0.26,
1289,283,R,L,0.955972,0.36538,
1290,283,R,P,0.976965,0.26308,
1291,283,R,S,0.949199,0.35692,0.687
1292,284,T,A,0.947876,0.48,0.460
1293,284,T,I,0.941163,0.31385,0.699
1295,284,T,P,0.974959,0.29923,
1296,284,T,S,0.941641,0.40846,
1297,285,E,A,0.94122,0.24154,0.910
1298,285,E,D,0.909125,0.48154,0.524
1299,285,E,G,0.9599,0.24615,0.923
1300,285,E,K,0.922262,0.33231,0.910
1301,285,E,Q,0.939399,0.40538,
1302,285,E,V,0.940861,0.18077,0.936
1303,286,E,A,0.948015,0.25154,0.913
1304,286,E,D,"0.938027, 0.939929","0.26462, 0.26615",0.765
1305,286,E,G,0.950914,0.24615,0.913
1306,286,E,K,0.937225,0.31769,0.949
1307,286,E,Q,0.932788,0.37308,0.905
1308,286,E,V,0.950071,0.19308,
1309,287,E,A,0.945358,0.33231,0.562
1310,287,E,D,"0.948096, 0.95148",0.51,
1311,287,E,G,0.956529,0.35615,0.626
1312,287,E,K,0.907115,0.35846,0.583
1313,287,E,Q,0.941758,0.38154,0.623
1314,287,E,V,0.942198,0.26077,0.644
1315,288,N,D,0.960637,0.33615,0.513
1316,288,N,H,0.949983,0.47923,0.554
1317,288,N,K,0.947661,0.24692,0.679
1318,288,N,S,0.944409,0.39154,0.480
1320,288,N,Y,0.95121,0.28,0.665
1321,289,L,F,0.935124,0.93385,0.344
1324,289,L,P,0.959575,0.38462,0.518
1325,289,L,R,0.936815,0.38462,0.426
1326,289,L,V,0.936404,0.70077,0.399
