17,7579902,G,A
17,7579896,G,A
17,7579894,C,G
17,7579894,C,T
17,7579888,T,C
17,7579887,C,T
17,7579885,C,T
17,7579882,C,T
17,7579882,C,G
17,7579879,G,A
17,7579876,G,A
17,7579872,A,G
17,7579866,T,A
17,7579854,G,A
17,7579844,C,A
17,7579717,G,C
17,7579716,G,A
17,7579717,G,A
17,7579714,C,T
17,7579713,T,A
17,7579707,T,A
17,7579705,C,T
17,7579589,G,A
17,7579586,G,A
17,7579587,G,A
17,7579581,G,C
17,7579580,G,A
17,7579581,G,A
17,7579572,C,A
17,7579567,C,T
17,7579566,C,G
17,7579563,C,T
17,7579563,C,A
17,7579558,C,G
17,7579559,A,C
17,7579550,G,A
17,7579550,G,T
17,7579547,G,C
17,7579545,C,G
17,7579545,C,T
17,7579542,C,G
17,7579542,C,T
17,7579541,T,A
17,7579538,A,G
17,7579529,C,A
17,7579527,A,G
17,7579521,C,T
17,7579518,C,T
17,7579515,G,T
17,7579512,C,G
17,7579505,T,C
17,7579506,C,G
17,7579503,C,T
17,7579496,G,A
17,7579497,G,A
17,7579497,G,T
17,7579493,C,G
17,7579489,C,T
17,7579490,A,C
17,7579488,G,C
17,7579488,G,A
17,7579485,C,T
17,7579479,C,T
17,7579478,G,A
17,7579476,G,C
17,7579475,G,A
17,7579476,G,A
17,7579473,G,C
17,7579472,G,A
17,7579472,G,C
17,7579473,G,A
17,7579470,C,G
17,7579470,C,T
17,7579467,C,A
17,7579467,C,T
17,7579457,G,A
17,7579451,G,A
17,7579448,G,A
17,7579449,G,A
17,7579442,G,A
17,7579440,C,G
17,7579440,C,T
17,7579439,G,A
17,7579437,C,T
17,7579434,G,C
17,7579434,G,A
17,7579434,G,T
17,7579430,G,C
17,7579431,C,G
17,7579431,C,A
17,7579427,G,A
17,7579428,G,A
17,7579421,G,A
17,7579422,G,A
17,7579418,G,A
17,7579419,A,G
17,7579419,A,T
17,7579415,C,G
17,7579413,G,A
17,7579413,G,T
17,7579410,G,C
17,7579406,G,A
17,7579403,G,A
17,7579400,G,A
17,7579400,G,T
17,7579397,A,T
17,7579398,C,A
17,7579394,G,T
17,7579394,G,A
17,7579395,G,A
17,7579391,G,A
17,7579383,T,C
17,7579382,G,A
17,7579379,T,C
17,7579380,A,G
17,7579375,C,A
17,7579376,T,A
17,7579374,C,A
17,7579373,C,T
17,7579374,C,G
17,7579374,C,T
17,7579373,C,A
17,7579370,C,A
17,7579369,G,C
17,7579367,T,C
17,7579368,A,C
17,7579367,T,G
17,7579364,C,G
17,7579364,C,T
17,7579365,C,T
17,7579361,A,C
17,7579362,A,T
17,7579360,G,T
17,7579361,A,G
17,7579362,A,C
17,7579361,A,T
17,7579359,G,A
17,7579359,G,C
17,7579358,C,T
17,7579358,C,A
17,7579358,C,G
17,7579356,G,T
17,7579355,A,G
17,7579355,A,T
17,7579355,A,C
17,7579356,G,C
17,7579349,A,C
17,7579350,A,T
17,7579348,G,C
17,7579350,A,G
17,7579349,A,G
17,7579350,A,C
17,7579345,C,A
17,7579344,G,A
17,7579340,G,C
17,7579340,G,A
17,7579337,C,G
17,7579337,C,A
17,7579334,G,A
17,7579331,G,C
17,7579329,T,C
17,7579328,T,A
17,7579327,C,A
17,7579329,T,G
17,7579328,T,C
17,7579325,G,T
17,7579317,A,C
17,7579317,A,G
17,7579316,C,T
17,7579314,T,C
17,7579313,G,T
17,7579313,G,A
17,7579314,T,G
17,7579313,G,C
17,7578553,T,C
17,7578554,A,C
17,7578554,A,G
17,7578554,A,T
17,7578553,T,G
17,7578550,G,C
17,7578550,G,A
17,7578551,A,G
17,7578551,A,T
17,7578550,G,T
17,7578548,G,C
17,7578548,G,A
17,7578542,G,A
17,7578541,A,T
17,7578542,G,T
17,7578541,A,G
17,7578541,A,C
17,7578542,G,C
17,7578539,T,C
17,7578538,T,A
17,7578537,G,C
17,7578537,G,T
17,7578538,T,C
17,7578538,T,G
17,7578539,T,A
17,7578536,T,C
17,7578535,T,A
17,7578534,C,A
17,7578534,C,G
17,7578536,T,G
17,7578535,T,C
17,7578535,T,G
17,7578531,C,A
17,7578531,C,T
17,7578532,A,T
17,7578532,A,C
17,7578532,A,G
17,7578529,A,C
17,7578530,A,T
17,7578528,A,C
17,7578528,A,T
17,7578530,A,G
17,7578529,A,G
17,7578530,A,C
17,7578526,C,A
17,7578527,A,C
17,7578527,A,G
17,7578526,C,G
17,7578527,A,T
17,7578525,G,C
17,7578526,C,T
17,7578524,G,C
17,7578522,T,A
17,7578522,T,G
17,7578523,T,A
17,7578523,T,G
17,7578520,A,T
17,7578521,G,C
17,7578518,C,G
17,7578518,C,T
17,7578517,G,A
17,7578515,T,C
17,7578513,C,A
17,7578513,C,G
17,7578514,T,G
17,7578512,T,C
17,7578511,G,A
17,7578511,G,T
17,7578508,C,A
17,7578509,A,C
17,7578509,A,G
17,7578509,A,T
17,7578508,C,G
17,7578507,G,C
17,7578508,C,T
17,7578505,G,A
17,7578505,G,C
17,7578506,G,A
17,7578502,A,G
17,7578502,A,T
17,7578502,A,C
17,7578503,C,T
17,7578498,C,A
17,7578498,C,G
17,7578499,T,A
17,7578499,T,G
17,7578496,A,G
17,7578496,A,T
17,7578496,A,C
17,7578492,C,G
17,7578494,A,C
17,7578493,C,G
17,7578490,A,G
17,7578490,A,T
17,7578490,A,C
17,7578486,A,T
17,7578488,C,G
17,7578488,C,T
17,7578488,C,A
17,7578484,G,T
17,7578479,G,C
17,7578478,G,T
17,7578478,G,A
17,7578478,G,C
17,7578479,G,A
17,7578479,G,T
17,7578475,G,A
17,7578475,G,T
17,7578475,G,C
17,7578476,G,A
17,7578476,G,T
17,7578472,G,T
17,7578472,G,A
17,7578473,G,A
17,7578470,C,A
17,7578469,C,T
17,7578470,C,T
17,7578469,C,A
17,7578467,T,C
17,7578466,G,A
17,7578466,G,T
17,7578466,G,C
17,7578467,T,G
17,7578466,G,C
17,7578464,G,A
17,7578464,G,C
17,7578463,C,T
17,7578463,C,A
17,7578463,C,G
17,7578464,G,T
17,7578460,A,G
17,7578460,A,T
17,7578461,C,A
17,7578460,A,C
17,7578461,C,T
17,7578461,C,G
17,7578458,G,A
17,7578458,G,C
17,7578457,C,T
17,7578457,C,A
17,7578457,C,G
17,7578458,G,T
17,7578454,G,T
17,7578455,C,G
17,7578455,C,T
17,7578454,G,A
17,7578450,C,A
17,7578450,C,G
17,7578450,C,T
17,7578451,A,T
17,7578451,A,C
17,7578451,A,G
17,7578452,T,C
17,7578448,G,T
17,7578449,C,G
17,7578449,C,A
17,7578449,C,T
17,7578448,G,A
17,7578446,T,A
17,7578444,G,C
17,7578445,A,T
17,7578445,A,C
17,7578442,T,C
17,7578443,A,C
17,7578443,A,G
17,7578443,A,T
17,7578442,T,G
17,7578440,T,C
17,7578439,T,A
17,7578438,C,A
17,7578438,C,G
17,7578439,T,C
17,7578439,T,G
17,7578435,C,A
17,7578437,G,T
17,7578429,C,G
17,7578427,T,A
17,7578427,T,G
17,7578427,T,C
17,7578423,C,T
17,7578425,T,A
17,7578424,A,G
17,7578425,T,C
17,7578421,G,T
17,7578421,G,A
17,7578417,C,G
17,7578418,T,C
17,7578419,C,T
17,7578415,A,G
17,7578415,A,T
17,7578416,C,A
17,7578415,A,C
17,7578412,A,G
17,7578412,A,T
17,7578412,A,C
17,7578413,C,A
17,7578413,C,G
17,7578413,C,T
17,7578410,T,C
17,7578409,C,G
17,7578410,T,A
17,7578407,G,A
17,7578407,G,C
17,7578406,C,T
17,7578406,C,A
17,7578403,C,A
17,7578404,A,C
17,7578404,A,G
17,7578403,C,G
17,7578404,A,T
17,7578402,G,C
17,7578403,C,T
17,7578400,G,T
17,7578400,G,A
17,7578400,G,C
17,7578401,G,A
17,7578401,G,T
17,7578398,G,C
17,7578397,T,A
17,7578398,G,T
17,7578397,T,G
17,7578396,G,C
17,7578396,G,T
17,7578395,G,C
17,7578394,T,A
17,7578395,G,T
17,7578394,T,G
17,7578393,A,C
17,7578393,A,T
17,7578394,T,C
17,7578395,G,A
17,7578390,C,A
17,7578390,C,G
17,7578392,C,T
17,7578389,G,A
17,7578388,C,T
17,7578388,C,G
17,7578378,A,T
17,7578380,C,G
17,7578380,C,T
17,7578374,C,T
17,7578371,C,A
17,7578289,C,T
17,7578371,C,G
17,7578371,C,T
17,7578286,A,T
17,7578283,G,T
17,7578284,C,G
17,7578281,G,C
17,7578280,G,A
17,7578280,G,C
17,7578281,G,A
17,7578281,G,T
17,7578277,G,T
17,7578277,G,A
17,7578278,G,A
17,7578273,C,A
17,7578274,T,A
17,7578274,T,C
17,7578272,G,C
17,7578271,T,A
17,7578272,G,T
17,7578271,T,G
17,7578270,A,C
17,7578270,A,T
17,7578271,T,C
17,7578272,G,A
17,7578269,G,A
17,7578268,A,T
17,7578269,G,T
17,7578268,A,G
17,7578268,A,C
17,7578269,G,C
17,7578266,T,A
17,7578264,G,C
17,7578265,A,T
17,7578265,A,C
17,7578265,A,G
17,7578266,T,C
17,7578263,G,C
17,7578262,C,A
17,7578262,C,G
17,7578262,C,T
17,7578259,A,T
17,7578259,A,C
17,7578260,C,G
17,7578260,C,A
17,7578260,C,T
17,7578255,T,A
17,7578256,T,C
17,7578257,C,T
17,7578253,C,T
17,7578253,C,A
17,7578251,T,A
17,7578245,G,A
17,7578244,C,G
17,7578241,A,T
17,7578242,C,A
17,7578242,C,T
17,7578237,C,A
17,7578237,C,G
17,7578238,T,C
17,7578239,C,G
17,7578235,T,C
17,7578236,A,C
17,7578235,T,A
17,7578236,A,G
17,7578236,A,T
17,7578235,T,G
17,7578230,C,T
17,7578225,G,T
17,7578226,T,C
17,7578227,C,T
17,7578226,T,A
17,7578223,C,A
17,7578223,C,T
17,7578222,T,A
17,7578223,C,G
17,7578218,T,C
17,7578217,G,A
17,7578217,G,T
17,7578218,T,G
17,7578217,G,C
17,7578214,A,C
17,7578215,A,T
17,7578215,A,C
17,7578212,G,C
17,7578211,C,A
17,7578211,C,G
17,7578211,C,T
17,7578209,G,C
17,7578208,T,A
17,7578208,T,G
17,7578207,A,C
17,7578208,T,C
17,7578209,G,A
17,7578206,T,A
17,7578206,T,C
17,7578205,C,A
17,7578205,C,T
17,7578204,A,C
17,7578204,A,T
17,7578206,T,G
17,7578205,C,G
17,7578202,A,T
17,7578202,A,C
17,7578203,C,A
17,7578203,C,G
17,7578203,C,T
17,7578199,A,G
17,7578199,A,T
17,7578199,A,C
17,7578200,C,G
17,7578196,A,T
17,7578196,A,C
17,7578197,C,A
17,7578197,C,T
17,7578193,G,T
17,7578193,G,A
17,7578193,G,C
17,7578194,G,T
17,7578190,T,C
17,7578191,A,C
17,7578191,A,G
17,7578191,A,T
17,7578190,T,G
17,7578184,G,A
17,7578181,G,A
17,7578182,G,A
17,7578182,G,T
17,7578177,C,A
17,7578177,C,G
17,7578179,C,T
17,7578179,C,G
17,7578178,T,A
17,7577607,A,G
17,7577608,C,T
17,7577604,C,T
17,7577601,G,A
17,7577602,A,G
17,7577597,G,C
17,7577599,C,G
17,7577599,C,T
17,7577599,C,A
17,7577595,C,A
17,7577596,A,T
17,7577594,A,C
17,7577595,C,T
17,7577593,T,C
17,7577593,T,G
17,7577590,T,C
17,7577589,G,T
17,7577590,T,G
17,7577587,T,A
17,7577586,A,T
17,7577586,A,C
17,7577586,A,G
17,7577584,G,A
17,7577580,T,C
17,7577581,A,C
17,7577581,A,G
17,7577581,A,T
17,7577580,T,G
17,7577578,T,C
17,7577576,G,C
17,7577577,T,C
17,7577574,T,C
17,7577575,A,C
17,7577574,T,A
17,7577575,A,G
17,7577575,A,T
17,7577574,T,G
17,7577570,C,A
17,7577570,C,G
17,7577570,C,T
17,7577571,A,T
17,7577572,T,A
17,7577572,T,G
17,7577571,A,C
17,7577572,T,C
17,7577568,C,A
17,7577569,A,C
17,7577569,A,G
17,7577568,C,G
17,7577569,A,T
17,7577567,A,C
17,7577568,C,T
17,7577566,T,C
17,7577566,T,G
17,7577565,T,A
17,7577564,G,C
17,7577564,G,T
17,7577565,T,C
17,7577565,T,G
17,7577563,T,A
17,7577563,T,C
17,7577561,A,C
17,7577561,A,T
17,7577563,T,G
17,7577560,A,C
17,7577559,G,C
17,7577559,G,A
17,7577560,A,G
17,7577560,A,T
17,7577559,G,T
17,7577556,C,A
17,7577557,A,C
17,7577557,A,G
17,7577556,C,G
17,7577557,A,T
17,7577555,G,C
17,7577556,C,T
17,7577552,C,A
17,7577552,C,T
17,7577553,A,G
17,7577550,C,G
17,7577551,C,A
17,7577550,C,T
17,7577551,C,G
17,7577551,C,T
17,7577550,C,A
17,7577547,C,G
17,7577548,C,A
17,7577547,C,T
17,7577548,C,G
17,7577548,C,T
17,7577547,C,A
17,7577543,C,A
17,7577543,C,G
17,7577543,C,T
17,7577544,A,T
17,7577545,T,A
17,7577545,T,G
17,7577544,A,C
17,7577544,A,G
17,7577545,T,C
17,7577542,T,C
17,7577541,T,A
17,7577541,T,G
17,7577539,G,C
17,7577538,C,A
17,7577538,C,G
17,7577538,C,T
17,7577539,G,A
17,7577536,T,C
17,7577535,C,T
17,7577535,C,A
17,7577534,C,A
17,7577534,C,G
17,7577535,C,G
17,7577536,T,A
17,7577532,G,T
17,7577532,G,A
17,7577532,G,C
17,7577533,G,A
17,7577530,T,A
17,7577530,T,G
17,7577528,G,C
17,7577529,A,T
17,7577529,A,C
17,7577529,A,G
17,7577530,T,C
17,7577527,G,A
17,7577526,A,G
17,7577524,T,C
17,7577523,G,A
17,7577523,G,T
17,7577524,T,G
17,7577523,G,C
17,7577521,T,A
17,7577521,T,G
17,7577519,G,C
17,7577520,A,T
17,7577520,A,C
17,7577520,A,G
17,7577521,T,C
17,7577518,T,A
17,7577517,A,T
17,7577517,A,C
17,7577517,A,G
17,7577514,G,A
17,7577514,G,T
17,7577515,T,G
17,7577514,G,C
17,7577511,A,G
17,7577511,A,T
17,7577511,A,C
17,7577512,G,C
17,7577508,T,G
17,7577507,T,A
17,7577507,T,G
17,7577508,T,C
17,7577509,C,T
17,7577509,C,G
17,7577508,T,A
17,7577505,T,G
17,7577504,G,T
17,7577505,T,C
17,7577506,C,G
17,7577506,C,T
17,7577505,T,A
17,7577506,C,A
17,7577502,G,C
17,7577502,G,A
17,7577503,A,T
17,7577499,C,T
17,7577499,C,G
17,7577154,C,A
17,7577153,C,T
17,7577154,C,T
17,7577153,C,A
17,7577151,T,C
17,7577149,A,C
17,7577147,A,C
17,7577144,A,G
17,7577144,A,T
17,7577144,A,C
17,7577141,C,G
17,7577141,C,T
17,7577142,C,G
17,7577142,C,T
17,7577141,C,A
17,7577139,G,C
17,7577138,C,A
17,7577138,C,G
17,7577138,C,T
17,7577139,G,A
17,7577135,T,A
17,7577136,T,A
17,7577133,T,A
17,7577133,T,G
17,7577132,C,G
17,7577129,A,C
17,7577130,A,T
17,7577128,A,C
17,7577128,A,T
17,7577130,A,G
17,7577129,A,G
17,7577130,A,C
17,7577127,C,T
17,7577127,C,G
17,7577126,T,A
17,7577123,A,G
17,7577123,A,T
17,7577123,A,C
17,7577124,C,A
17,7577124,C,G
17,7577124,C,T
17,7577121,G,A
17,7577121,G,C
17,7577120,C,T
17,7577120,C,A
17,7577120,C,G
17,7577121,G,T
17,7577117,A,G
17,7577117,A,T
17,7577118,C,A
17,7577117,A,C
17,7577118,C,G
17,7577114,C,A
17,7577115,A,C
17,7577115,A,G
17,7577114,C,G
17,7577115,A,T
17,7577113,A,C
17,7577114,C,T
17,7577111,G,T
17,7577111,G,C
17,7577112,C,G
17,7577112,C,A
17,7577112,C,T
17,7577111,G,A
17,7577108,C,A
17,7577109,A,C
17,7577109,A,T
17,7577107,A,C
17,7577108,C,T
17,7577106,G,C
17,7577105,G,T
17,7577105,G,A
17,7577105,G,C
17,7577106,G,A
17,7577106,G,T
17,7577102,C,T
17,7577103,C,G
17,7577103,C,T
17,7577102,C,A
17,7577103,C,A
17,7577100,T,C
17,7577099,C,A
17,7577099,C,T
17,7577098,T,A
17,7577098,T,G
17,7577099,C,G
17,7577096,T,G
17,7577095,G,C
17,7577095,G,T
17,7577096,T,C
17,7577097,C,G
17,7577097,C,T
17,7577096,T,A
17,7577097,C,A
17,7577094,G,C
17,7577093,C,A
17,7577093,C,G
17,7577093,C,T
17,7577094,G,A
17,7577091,G,A
17,7577091,G,C
17,7577090,C,T
17,7577090,C,A
17,7577090,C,G
17,7577088,T,G
17,7577088,T,A
17,7577083,C,A
17,7577084,T,C
17,7577085,C,T
17,7577085,C,G
17,7577084,T,A
17,7577081,T,G
17,7577080,T,G
17,7577081,T,C
17,7577082,C,T
17,7577082,C,G
17,7577081,T,A
17,7577077,C,A
17,7577077,C,G
17,7577079,C,T
17,7577079,C,G
17,7577073,G,A
17,7577070,G,A
17,7577069,C,T
17,7577069,C,A
17,7577067,T,C
17,7577065,C,G
17,7577067,T,G
17,7577063,T,A
17,7577062,T,A
17,7577058,C,G
17,7577052,G,C
17,7577050,G,T
17,7577052,G,A
17,7577049,G,A
17,7577046,C,T
17,7577046,C,G
17,7577040,G,C
17,7577037,G,T
17,7577033,C,T
17,7577033,C,A
17,7577024,T,G
17,7577021,C,T
17,7576926,G,A
17,7576920,G,A
17,7576921,G,A
17,7576911,G,A
17,7576905,G,C
17,7576902,G,C
17,7576899,G,A
17,7576896,T,C
17,7576889,C,A
17,7576889,C,G
17,7576888,T,C
17,7576886,C,G
17,7576887,T,C
17,7576881,G,A
17,7576875,T,G
17,7576874,A,T
17,7576875,T,C
17,7576872,C,G
17,7576872,C,T
17,7576872,C,A
17,7576870,C,T
17,7576870,C,G
17,7576857,A,T
17,7576858,G,T
17,7576857,A,G
17,7576857,A,C
17,7576853,C,A
17,7576853,C,G
17,7576854,T,A
17,7576854,T,C
17,7574033,T,A
17,7574032,A,T
17,7574032,A,C
17,7574030,G,A
17,7574029,C,G
17,7574030,G,T
17,7574026,C,G
17,7574026,C,T
17,7574026,C,A
17,7574027,C,A
17,7574024,G,A
17,7574023,C,T
17,7574024,G,T
17,7574020,T,G
17,7574020,T,C
17,7574018,G,A
17,7574018,G,C
17,7574017,C,T
17,7574017,C,A
17,7574017,C,G
17,7574018,G,T
17,7574014,A,C
17,7574015,A,T
17,7574013,G,C
17,7574015,A,G
17,7574014,A,G
17,7574011,T,C
17,7574008,A,G
17,7574005,A,C
17,7574004,G,C
17,7574005,A,G
17,7574006,A,C
17,7574005,A,T
17,7574002,C,A
17,7574002,C,G
17,7573999,T,G
17,7574000,C,T
17,7573997,G,T
17,7573996,A,G
17,7573996,A,T
17,7573996,A,C
17,7573994,T,C
17,7573993,T,C
17,7573991,C,T
17,7573987,G,T
17,7573988,C,G
17,7573988,C,T
17,7573987,G,A
17,7573983,C,A
17,7573983,C,G
17,7573984,A,G
17,7573984,A,C
17,7573979,G,T
17,7573978,A,G
17,7573976,T,C
17,7573974,C,A
17,7573973,C,A
17,7573969,G,T
17,7573967,G,C
17,7573966,T,A
17,7573966,T,C
17,7573964,C,G
17,7573964,C,T
17,7573960,C,G
17,7573955,C,T
17,7573955,C,G
17,7573948,C,T
17,7573948,C,A
17,7573945,C,T
17,7573943,T,C
17,7573943,T,G
17,7573937,C,T
17,7573930,G,A
17,7572997,G,A
17,7572986,G,T
17,7572982,G,C
17,7572980,T,G
17,7572976,G,A
17,7572977,A,G
17,7572974,G,A
17,7572973,C,T
17,7572966,T,A
17,7572957,C,T
17,7572959,T,C
17,7572954,G,T
17,7572947,C,T
17,7572944,C,A
17,7572940,G,T
17,7572941,G,A
17,7572938,C,T
17,7572934,G,A
17,7572935,A,G
17,7572931,T,C
17,7579905,T,C
17,7579898,C,A
17,7579891,G,A
17,7579884,A,C
17,7579875,G,A
17,7579864,C,T
17,7579861,T,C
17,7579857,A,G
17,7579852,C,A
17,7579719,A,G
17,7579717,G,T
17,7579706,G,C
17,7579590,A,T
17,7579582,C,A
17,7579582,C,G
17,7579578,A,T
17,7579574,T,A
17,7579572,C,T
17,7579567,C,G
17,7579566,C,T
17,7579555,C,A
17,7579556,A,C
17,7579556,A,G
17,7579557,T,C
17,7579553,A,G
17,7579551,A,G
17,7579547,G,A
17,7579548,G,A
17,7579544,T,C
17,7579542,C,A
17,7579531,T,A
17,7579531,T,G
17,7579528,C,A
17,7579528,C,G
17,7579530,A,C
17,7579525,G,T
17,7579523,G,A
17,7579520,T,A
17,7579514,G,A
17,7579514,G,T
17,7579514,G,C
17,7579515,G,A
17,7579512,C,A
17,7579511,C,T
17,7579509,G,C
17,7579508,G,A
17,7579508,G,T
17,7579508,G,C
17,7579509,G,A
17,7579509,G,T
17,7579506,C,T
17,7579501,T,G
17,7579500,C,A
17,7579500,C,T
17,7579497,G,C
17,7579487,G,A
17,7579487,G,C
17,7579484,T,C
17,7579485,C,G
17,7579481,G,C
17,7579481,G,A
17,7579472,G,T
17,7579469,A,T
17,7579470,C,A
17,7579466,G,A
17,7579463,G,C
17,7579464,G,A
17,7579461,C,T
17,7579460,G,A
17,7579458,G,C
17,7579458,G,A
17,7579455,C,A
17,7579454,G,A
17,7579452,C,T
17,7579445,G,A
17,7579443,G,A
17,7579439,G,T
17,7579436,G,C
17,7579436,G,A
17,7579433,G,A
17,7579430,G,A
17,7579427,G,T
17,7579413,G,C
17,7579412,G,A
17,7579410,G,T
17,7579407,A,G
17,7579407,A,T
17,7579400,G,C
17,7579401,A,G
17,7579397,A,G
17,7579398,C,T
17,7579395,G,T
17,7579392,A,G
17,7579389,G,T
17,7579384,T,A
17,7579385,T,C
17,7579383,T,G
17,7579375,C,G
17,7579373,C,G
17,7579368,A,G
17,7579365,C,A
17,7579359,G,T
17,7579353,C,A
17,7579352,C,T
17,7579353,C,T
17,7579348,G,T
17,7579341,A,G
17,7579337,C,T
17,7579338,C,G
17,7579335,T,C
17,7579334,G,C
17,7579331,G,T
17,7579331,G,A
17,7579328,T,G
17,7579325,G,A
17,7579323,C,A
17,7579319,G,A
17,7579316,C,A
17,7579316,C,G
17,7578547,G,A
17,7578544,G,T
17,7578544,G,C
17,7578545,C,T
17,7578544,G,A
17,7578539,T,G
17,7578531,C,G
17,7578533,T,A
17,7578533,T,G
17,7578533,T,C
17,7578524,G,T
17,7578523,T,C
17,7578521,G,T
17,7578520,A,G
17,7578517,G,T
17,7578518,C,A
17,7578515,T,G
17,7578514,T,C
17,7578506,G,C
17,7578505,G,T
17,7578506,G,T
17,7578503,C,A
17,7578503,C,G
17,7578500,G,T
17,7578499,T,C
17,7578497,G,T
17,7578497,G,C
17,7578492,C,A
17,7578494,A,G
17,7578494,A,T
17,7578491,C,A
17,7578491,C,T
17,7578486,A,C
17,7578487,T,C
17,7578487,T,A
17,7578484,G,A
17,7578485,A,G
17,7578485,A,T
17,7578482,T,C
17,7578481,G,A
17,7578481,G,T
17,7578481,G,C
17,7578476,G,C
17,7578473,G,C
17,7578473,G,T
17,7578469,C,G
17,7578467,T,A
17,7578455,C,A
17,7578452,T,G
17,7578448,G,C
17,7578446,T,C
17,7578440,T,G
17,7578437,G,C
17,7578435,C,G
17,7578436,T,A
17,7578436,T,G
17,7578436,T,C
17,7578434,A,C
17,7578433,G,A
17,7578434,A,G
17,7578434,A,T
17,7578431,G,C
17,7578429,C,A
17,7578431,G,T
17,7578430,T,A
17,7578430,T,C
17,7578428,G,C
17,7578428,G,T
17,7578426,G,C
17,7578426,G,T
17,7578428,G,A
17,7578423,C,A
17,7578422,T,C
17,7578422,T,G
17,7578421,G,C
17,7578422,T,A
17,7578418,T,G
17,7578417,C,A
17,7578419,C,G
17,7578418,T,A
17,7578416,C,T
17,7578409,C,T
17,7578409,C,A
17,7578408,C,A
17,7578408,C,G
17,7578406,C,G
17,7578407,G,T
17,7578398,G,A
17,7578391,T,C
17,7578392,C,G
17,7578389,G,C
17,7578388,C,A
17,7578389,G,T
17,7578386,A,G
17,7578385,C,G
17,7578386,A,T
17,7578384,G,C
17,7578385,C,T
17,7578382,G,A
17,7578383,A,G
17,7578380,C,A
17,7578377,T,A
17,7578377,T,C
17,7578376,C,A
17,7578376,C,T
17,7578375,G,C
17,7578375,G,T
17,7578372,A,T
17,7578373,T,C
17,7578374,C,G
17,7578373,T,A
17,7578289,C,A
17,7578287,G,T
17,7578287,G,C
17,7578283,G,C
17,7578284,C,A
17,7578284,C,T
17,7578283,G,A
17,7578280,G,T
17,7578278,G,C
17,7578277,G,C
17,7578278,G,T
17,7578273,C,G
17,7578275,G,T
17,7578266,T,G
17,7578259,A,G
17,7578257,C,G
17,7578256,T,A
17,7578253,C,G
17,7578254,C,T
17,7578251,T,C
17,7578250,T,A
17,7578250,T,C
17,7578250,T,G
17,7578246,C,A
17,7578246,C,G
17,7578247,A,G
17,7578248,A,C
17,7578245,G,C
17,7578244,C,T
17,7578244,C,A
17,7578245,G,T
17,7578241,A,G
17,7578238,T,G
17,7578239,C,T
17,7578238,T,A
17,7578231,C,G
17,7578229,T,G
17,7578228,A,T
17,7578229,T,C
17,7578230,C,A
17,7578225,G,C
17,7578227,C,G
17,7578227,C,A
17,7578224,T,C
17,7578221,T,C
17,7578221,T,G
17,7578219,G,C
17,7578220,T,C
17,7578220,T,G
17,7578213,A,T
17,7578215,A,G
17,7578214,A,G
17,7578214,A,T
17,7578207,A,T
17,7578202,A,G
17,7578200,C,A
17,7578196,A,G
17,7578194,G,A
17,7578186,C,A
17,7578186,C,G
17,7578187,T,C
17,7578188,C,T
17,7578187,T,A
17,7578185,G,C
17,7578184,G,T
17,7578185,G,A
17,7578185,G,T
17,7578182,G,C
17,7578181,G,T
17,7578181,G,C
17,7578178,T,C
17,7577607,A,T
17,7577608,C,A
17,7577607,A,C
17,7577604,C,G
17,7577605,C,T
17,7577604,C,A
17,7577601,G,T
17,7577598,T,G
17,7577597,G,T
17,7577598,T,C
17,7577598,T,A
17,7577596,A,C
17,7577596,A,G
17,7577595,C,G
17,7577592,G,A
17,7577592,G,T
17,7577593,T,A
17,7577589,G,A
17,7577590,T,A
17,7577587,T,G
17,7577587,T,C
17,7577584,G,C
17,7577583,T,A
17,7577583,T,G
17,7577582,G,C
17,7577583,T,C
17,7577580,T,A
17,7577578,T,G
17,7577577,T,A
17,7577577,T,G
17,7577578,T,A
17,7577571,A,G
17,7577566,T,A
17,7577562,C,A
17,7577562,C,G
17,7577552,C,G
17,7577553,A,T
17,7577554,T,A
17,7577554,T,G
17,7577553,A,C
17,7577554,T,C
17,7577540,G,T
17,7577541,T,C
17,7577542,T,A
17,7577533,G,C
17,7577533,G,T
17,7577526,A,T
17,7577524,T,A
17,7577516,G,C
17,7577518,T,C
17,7577515,T,C
17,7577515,T,A
17,7577503,A,C
17,7577503,A,G
17,7577502,G,T
17,7577500,T,A
17,7577500,T,C
17,7577499,C,A
17,7577155,A,C
17,7577155,A,T
17,7577500,T,G
17,7577154,C,G
17,7577151,T,G
17,7577150,T,A
17,7577148,G,T
17,7577147,A,G
17,7577147,A,T
17,7577148,G,C
17,7577145,G,T
17,7577136,T,G
17,7577134,G,C
17,7577135,T,C
17,7577133,T,C
17,7577132,C,A
17,7577132,C,T
17,7577131,G,C
17,7577131,G,T
17,7577129,A,T
17,7577125,C,A
17,7577125,C,G
17,7577126,T,C
17,7577118,C,T
17,7577109,A,G
17,7577108,C,G
17,7577091,G,T
17,7577088,T,C
17,7577087,G,A
17,7577084,T,G
17,7577080,T,A
17,7577078,T,G
17,7577078,T,C
17,7577078,T,A
17,7577076,T,C
17,7577076,T,G
17,7577074,A,T
17,7577075,T,C
17,7577076,T,A
17,7577072,A,G
17,7577072,A,C
17,7577073,G,C
17,7577070,G,T
17,7577066,T,A
17,7577066,T,C
17,7577066,T,G
17,7577064,T,C
17,7577062,T,G
17,7577063,T,C
17,7577063,T,G
17,7577060,C,G
17,7577060,C,T
17,7577061,C,G
17,7577061,C,T
17,7577060,C,A
17,7577061,C,A
17,7577056,C,A
17,7577057,T,C
17,7577058,C,T
17,7577057,T,A
17,7577055,G,C
17,7577054,G,T
17,7577054,G,A
17,7577054,G,C
17,7577055,G,A
17,7577055,G,T
17,7577051,T,A
17,7577052,G,T
17,7577051,T,G
17,7577050,G,C
17,7577051,T,C
17,7577049,G,T
17,7577048,T,G
17,7577045,T,G
17,7577044,C,G
17,7577045,T,A
17,7577042,A,G
17,7577043,G,C
17,7577039,G,A
17,7577039,G,C
17,7577040,G,A
17,7577037,G,C
17,7577036,G,A
17,7577036,G,T
17,7577037,G,A
17,7577034,C,G
17,7577031,T,A
17,7577030,C,T
17,7577030,C,G
17,7577028,T,C
17,7577027,G,A
17,7577027,G,T
17,7577025,T,C
17,7577023,C,A
17,7577023,C,G
17,7577024,T,C
17,7577021,C,G
17,7577019,C,A
17,7577019,C,T
17,7576924,G,T
17,7576924,G,C
17,7576920,G,C
17,7576918,T,C
17,7576918,T,G
17,7576917,T,G
17,7576915,T,C
17,7576915,T,G
17,7576913,G,C
17,7576915,T,A
17,7576912,T,C
17,7576911,G,C
17,7576912,T,A
17,7576909,T,A
17,7576908,C,T
17,7576905,G,A
17,7576903,A,G
17,7576897,G,T
17,7576896,T,G
17,7576894,G,C
17,7576891,T,C
17,7576890,T,C
17,7576881,G,C
17,7576879,G,T
17,7576878,A,G
17,7576878,A,C
17,7576879,G,C
17,7576874,A,C
17,7576867,A,C
17,7576863,A,G
17,7576864,A,C
17,7576860,G,A
17,7576858,G,A
17,7576854,T,G
17,7574033,T,C
17,7574029,C,T
17,7574023,C,A
17,7574021,C,T
17,7574012,C,T
17,7574012,C,G
17,7574007,C,T
17,7574009,T,C
17,7574004,G,T
17,7574002,C,T
17,7573999,T,A
17,7573993,T,A
17,7573990,T,G
17,7573987,G,C
17,7573979,G,A
17,7573975,T,C
17,7573972,T,C
17,7573973,C,T
17,7573970,C,T
17,7573969,G,A
17,7573965,C,A
17,7573967,G,T
17,7573961,C,A
17,7573954,T,A
17,7573952,G,A
17,7573948,C,G
17,7573946,C,T
17,7573936,G,T
17,7573934,G,A
17,7573931,A,C
17,7573001,T,G
17,7572998,A,G
17,7572991,T,C
17,7572989,C,A
17,7572983,A,C
17,7572982,G,A
17,7572983,A,T
17,7572979,G,A
17,7572973,C,G
17,7572971,G,A
17,7572962,G,A
17,7572951,C,G
17,7572943,C,T
17,7572943,C,A
17,7572940,G,A
17,7572938,C,A
17,7572932,C,G
