,mutant,avg,std,classification,loop
17,Q100K,0.0580375,0.046820367563166355,neutral,N
33,K101N,0.4191225,0.15595513078687084,neutral,N
38,K101R,0.21842,0.1234080599069607,neutral,N
41,T102A,0.13315250000000003,0.2668035340259758,neutral,N
44,T102I,-0.4834925,0.21980258180637915,neutral,N
48,T102P,-0.82889,0.29607692623708454,neutral,N
71,Y103C,1.1791225,0.7167205162535464,neutral,N
79,Y103H,1.0439450000000001,0.41637040633911526,neutral,N
83,Q104L,-0.681075,0.3212768202422951,neutral,N
99,Q104H,0.1656475,0.8182794469304175,neutral,N
101,G105A,3.2430325,0.7771311119552157,highly destabilizing,N
102,G105V,7.758280000000001,1.3352285828463977,highly destabilizing,N
109,G105S,4.2332475,1.7198418546973293,highly destabilizing,N
111,G105C,5.7466425,0.8948324007146532,highly destabilizing,N
115,G105D,6.2821275,3.060944586825895,highly destabilizing,N
118,G105R,6.133855,1.3220749238318534,highly destabilizing,N
124,S106I,-0.06910250000000001,0.3374773468971658,neutral,N
138,S106R,-0.4147625,0.12743648680323072,neutral,N
149,Y107S,3.137895,0.3167533622157784,highly destabilizing,N
151,Y107C,2.0466625,0.1877549828067154,destabilizing,N
155,Y107D,3.150345,0.132282862552184,highly destabilizing,N
159,Y107H,1.8467249999999997,0.2596942506583464,destabilizing,N
161,G108A,2.26836,1.0756701978069299,destabilizing,N
169,G108S,2.67565,1.396081891455512,destabilizing,N
171,G108C,2.52341,1.1399314819979314,destabilizing,N
175,G108D,2.9463775,1.0929720426976852,destabilizing,N
182,F109V,3.094215,0.5502241821521479,highly destabilizing,N
183,F109L,2.2458575,0.34734859517313443,destabilizing,N
184,F109I,3.14011,0.5242172464255637,highly destabilizing,N
189,F109S,5.9263475,0.8387285712724647,highly destabilizing,N
191,F109C,4.961765,0.12713506056552634,highly destabilizing,N
192,F109Y,1.0278525,0.46138720926002064,neutral,N
200,R110G,1.4397600000000002,0.2504968934937118,destabilizing,N
203,R110L,0.9398,0.35156496099583073,neutral,N
208,R110P,5.319392499999999,0.9138408890877833,highly destabilizing,N
209,R110S,0.8656025,0.28765736296634237,neutral,N
211,R110C,0.952205,0.1900020745281483,neutral,N
219,R110H,0.59188,0.43967650352276044,neutral,N
222,L111V,2.5776175,0.2419929476632532,destabilizing,N
225,L111M,1.200585,0.43738865568850777,destabilizing,N
228,L111P,4.01447,0.29801440804095364,highly destabilizing,N
234,L111Q,3.6784049999999997,0.254830425626533,highly destabilizing,N
238,L111R,5.580495,0.6598080339954948,highly destabilizing,N
249,G112S,0.720215,0.2907067184036172,neutral,N
251,G112C,0.3409825,0.28055030425709754,neutral,N
255,G112D,0.60815,0.6755242606672244,neutral,N
262,F113V,3.4155,0.38142910907533,highly destabilizing,N
263,F113L,2.3771975,0.38103497210722,destabilizing,N
264,F113I,2.8516150000000002,0.62713574178562,destabilizing,N
269,F113S,4.750625,0.42741762729793925,highly destabilizing,N
271,F113C,3.97712,0.2642504583723555,highly destabilizing,N
286,L114F,-0.0241575,0.32685306548776627,neutral,L1
312,H115Y,-0.2513825,0.15421249047580418,neutral,L1
326,S116F,-0.020502499999999993,0.342027697151488,neutral,L1
328,S116P,0.7310375,0.13777089648670363,neutral,L1
331,S116C,-0.24161000000000002,0.09145651015646726,neutral,L1
341,G117A,1.9374525,0.7823455248921348,destabilizing,L1
342,G117V,4.03526,1.6036985453008308,highly destabilizing,L1
356,G117E,2.159275,1.1696149460506222,destabilizing,L1
358,G117R,2.2924824999999998,1.127074036729065,destabilizing,L1
361,T118A,0.5099475,0.5602066912477482,neutral,L1
364,T118I,-0.272495,0.21128167342436496,neutral,L1
378,T118R,0.8681425,1.5226206116819612,neutral,L1
380,A119G,0.51546,0.2836413891694934,neutral,L1
382,A119V,0.6566974999999999,0.26428107881335355,neutral,L1
395,A119D,-1.1599525000000002,0.6395022763202255,neutral,L1
405,K120M,-0.07000999999999999,0.22872428850036894,neutral,L1
410,K120T,0.2968475,0.30609438220710616,neutral,L1
413,K120N,0.60417,0.29801149952644446,neutral,L1
414,K120Q,0.2007275,0.08916438004466806,neutral,L1
416,K120E,-0.2115925,0.1760910238165194,neutral,L1
418,K120R,0.2160375,0.13173099642358285,neutral,L1
426,S121F,-0.22502,0.24138063126522805,neutral,L1
432,S121Y,-0.488105,0.4419918084365365,neutral,L1
443,V122L,0.19794250000000002,0.2258975489436528,neutral,L1
464,T123I,-0.7551225,0.4640040357246368,neutral,L1
480,C124G,2.02028,0.7558239109409017,destabilizing,N
486,C124F,0.3984025,0.626117843755271,neutral,N
489,C124S,0.8440675,0.031370586841020356,neutral,N
492,C124Y,0.259055,1.0137679033560887,neutral,N
498,C124R,2.2345475,0.9864328766159155,destabilizing,N
501,T125A,1.846395,0.3966064670741011,destabilizing,N
505,T125M,3.60523,2.4757422244450247,highly destabilizing,N
508,T125P,4.9482800000000005,0.8368667910426365,highly destabilizing,N
517,T125K,8.2952875,3.4495216902664563,highly destabilizing,N
518,T125R,11.2232225,4.994292885916759,highly destabilizing,N
529,Y126S,4.894115,0.5050001299257258,highly destabilizing,N
531,Y126C,3.2232250000000002,0.25955550432421975,highly destabilizing,N
533,Y126N,4.046152500000001,0.5947776062687213,highly destabilizing,N
535,Y126D,5.2248,0.5777985902111564,highly destabilizing,N
539,Y126H,3.2922875,0.6470107912691643,highly destabilizing,N
546,S127F,4.2684725,3.452508112281382,highly destabilizing,N
548,S127P,4.1000250000000005,1.6002633182307842,highly destabilizing,N
550,S127T,1.9107150000000002,0.6493764897384259,destabilizing,N
551,S127C,-0.09235499999999996,0.809181423306912,neutral,N
552,S127Y,7.20857,3.5083212395959413,highly destabilizing,N
561,P128A,1.370175,0.65701106971268,destabilizing,N
563,P128L,1.4624650000000001,0.2785886475163696,destabilizing,N
569,P128S,1.7854725,0.41985097322591736,destabilizing,N
580,A129G,0.92072,0.1624556938060344,neutral,N
582,A129V,-0.339385,0.3762805619149095,neutral,N
590,A129T,0.4424225,0.8065165657435377,neutral,N
595,A129D,0.51674,0.30922762190658193,neutral,N
602,L130V,1.99735,0.5621602857281898,destabilizing,N
604,L130I,1.4829525000000001,0.28272101295933066,destabilizing,N
606,L130F,1.2788050000000002,0.844102319405059,destabilizing,N
608,L130P,3.6419249999999996,1.4914335113155397,highly destabilizing,N
618,L130R,1.3772025,0.7370962156114695,destabilizing,N
619,L130H,1.47477,0.3853948869666021,destabilizing,N
624,N131I,3.7584674999999996,1.0794891181567092,highly destabilizing,N
629,N131S,1.5252075,0.6007502068819869,destabilizing,N
630,N131T,2.3920625,0.49451454090729224,destabilizing,N
632,N131Y,1.1445175,0.4647224933965968,neutral,N
635,N131D,0.6329125,0.5474851048830004,neutral,N
637,N131K,0.8622175,0.46016158843253097,neutral,N
639,N131H,1.163875,0.44949799045713207,neutral,N
645,K132M,-0.12984250000000006,1.1073026312254253,neutral,N
650,K132T,0.7634150000000001,0.28912970597121285,neutral,N
653,K132N,2.167025,0.5994669389757872,destabilizing,N
654,K132Q,1.3192175000000002,0.38240336356882376,destabilizing,N
656,K132E,3.2243825,0.800612026682556,highly destabilizing,N
658,K132R,0.24752000000000002,0.1631755237466698,neutral,N
662,M133V,1.47751,0.3972234501511712,destabilizing,N
663,M133L,0.25449,0.35003489668888726,neutral,N
664,M133I,1.7448449999999998,0.44220281514820775,destabilizing,N
670,M133T,2.9357625,0.5606813971577352,destabilizing,N
677,M133K,2.7984299999999998,0.5862240224095221,destabilizing,N
678,M133R,4.3564075,0.5042937919197005,highly destabilizing,N
682,F134V,2.3182725,0.5273735968160996,destabilizing,N
683,F134L,1.7562925000000003,0.5082862217970796,destabilizing,N
684,F134I,1.7275075000000002,0.3164683965560385,destabilizing,N
689,F134S,5.343965000000001,0.2366211195667032,highly destabilizing,N
691,F134C,4.03771,0.5324506159729747,highly destabilizing,N
700,C135G,2.4161975,0.545081210205186,destabilizing,N
706,C135F,8.5390175,4.015846234782745,highly destabilizing,N
707,C135W,19.032155,8.889386326371184,highly destabilizing,N
709,C135S,1.13559,0.24712767813419845,neutral,N
712,C135Y,11.4629725,4.407861150384476,highly destabilizing,N
718,C135R,8.95681,1.9272213392732034,highly destabilizing,N
723,Q136L,-0.6514300000000001,0.31682384198478497,neutral,N
728,Q136P,3.7518325,2.1813511760417557,highly destabilizing,N
736,Q136E,1.1374,0.5763181236522065,neutral,N
737,Q136K,-0.13934999999999997,0.8644645054309633,neutral,N
738,Q136R,-0.24446,0.57618167078622,neutral,N
739,Q136H,0.95621,0.27130399232226565,neutral,N
742,L137V,0.948625,0.38715245721162617,neutral,N
745,L137M,0.1958725,0.2509847830422195,neutral,N
748,L137P,0.126635,0.8352986079391009,neutral,N
754,L137Q,0.6968475000000001,0.4028289046465633,neutral,N
762,A138V,1.99255,1.099699050126897,destabilizing,N
768,A138P,6.755192500000001,1.377959706819742,highly destabilizing,N
769,A138S,-0.1296775,0.40188760396253825,neutral,N
770,A138T,0.907445,0.42170804180736227,neutral,N
775,A138D,0.7022124999999999,0.07727430244751486,neutral,N
790,K139T,0.396215,0.34522383061573253,neutral,N
793,K139N,0.9139875000000001,0.4315309077212779,neutral,N
794,K139Q,0.11729250000000002,0.41463891148654874,neutral,N
796,K139E,0.8843024999999999,0.5320912091162097,neutral,N
798,K139R,0.270185,0.6053160903404106,neutral,N
801,T140A,1.0573975,0.5494612801360529,neutral,N
804,T140I,0.36084499999999997,0.9325687239421018,neutral,N
813,T140N,1.136375,0.8981179236742801,neutral,N
820,C141G,2.9907874999999997,1.2509358890721578,destabilizing,N
826,C141F,6.775627500000001,1.4313892718505157,highly destabilizing,N
827,C141W,18.032645000000002,6.844149937897694,highly destabilizing,N
829,C141S,1.6390825,0.4525969049482664,destabilizing,N
832,C141Y,10.487712499999999,2.5873792300450953,highly destabilizing,N
838,C141R,11.229585,2.59081625037844,highly destabilizing,N
841,P142A,1.5867775000000002,0.33766644528106426,destabilizing,N
843,P142L,0.9999750000000001,0.6072968856127948,neutral,N
849,P142S,2.6665825,0.4134664164944355,destabilizing,N
850,P142T,2.4519725,0.7362456902208323,destabilizing,N
858,P142R,1.5303974999999999,0.09861304715274746,destabilizing,N
859,P142H,3.4318199999999996,0.815035427972306,highly destabilizing,N
860,V143G,5.27169,0.3058378008847175,highly destabilizing,N
861,V143A,3.6698649999999997,0.27526961015520757,highly destabilizing,N
863,V143L,-0.27529000000000003,0.12614361279906328,neutral,N
865,V143M,0.05937250000000001,0.5183843961952848,neutral,N
876,V143E,3.287735,0.6451703027302171,highly destabilizing,N
883,Q144L,-0.8835824999999999,0.43444864836796304,neutral,N
888,Q144P,1.9780949999999997,0.3202997018809103,destabilizing,N
897,Q144K,0.5244674999999999,1.0783306580630776,neutral,N
898,Q144R,0.5470200000000001,0.2459525992950674,neutral,N
899,Q144H,1.3373274999999998,0.610333277413865,destabilizing,N
902,L145V,1.6220575,0.2795532395068066,destabilizing,N
905,L145M,0.13698000000000002,0.4793495236776605,neutral,N
908,L145P,5.4563725000000005,0.40760478679567785,highly destabilizing,N
914,L145Q,3.4773475,0.49437703316269643,highly destabilizing,N
918,L145R,5.485729999999999,1.3764238553585155,highly destabilizing,N
920,W146G,2.8455875,1.050809289223668,destabilizing,N
929,W146S,2.3385075,0.7325573787893682,destabilizing,N
931,W146C,1.59635,0.6894822362831403,destabilizing,N
938,W146R,0.9967625,0.42035662296287185,neutral,N
940,V147G,2.91068,0.18995818263502107,destabilizing,N
941,V147A,1.6878650000000002,0.47446918321952164,destabilizing,N
944,V147I,0.3141525,0.3899881961274597,neutral,N
946,V147F,0.8101750000000001,1.6588601817287074,neutral,N
955,V147D,3.4394325,0.2808084260999837,highly destabilizing,N
960,D148G,0.48201249999999995,0.6860791007374805,neutral,N
962,D148V,0.30196,0.11545527250844805,neutral,N
972,D148Y,0.319145,0.3423522792753102,neutral,N
973,D148N,0.23628000000000002,0.16831466023493022,neutral,N
976,D148E,0.20003,0.44652567580151536,neutral,N
979,D148H,0.3697825,0.13875640910873271,neutral,N
986,S149F,-0.20564000000000002,0.23421847119729902,neutral,N
988,S149P,2.7690550000000003,1.8167125270732847,destabilizing,N
990,S149T,-0.08550750000000001,0.1750680082675016,neutral,N
992,S149Y,-0.26481000000000005,0.23078755609867702,neutral,N
1001,T150A,0.7154775,0.33500184330649585,neutral,N
1004,T150I,-1.2448975,0.13741647124253334,stabilizing,N
1017,T150K,0.018942499999999973,1.0298604707525918,neutral,N
1018,T150R,-0.10820000000000002,0.8972032209315791,neutral,N
1021,P151A,2.8259675000000004,0.8521194929813247,destabilizing,N
1023,P151L,2.1680375,0.7314413564454434,destabilizing,N
1029,P151S,3.5629525,0.5001942580825475,highly destabilizing,N
1030,P151T,2.945525,0.5459657223901515,destabilizing,N
1038,P151R,9.524695,2.4552335606465223,highly destabilizing,N
1039,P151H,8.406915,3.4465283079462727,highly destabilizing,N
1041,P152A,1.8557024999999996,0.6321264584865515,destabilizing,N
1043,P152L,1.40594,0.28199526290347504,destabilizing,N
1049,P152S,1.96272,0.5293133725403129,destabilizing,N
1050,P152T,2.5216424999999996,0.7793184102270072,destabilizing,N
1054,P152Q,1.630175,0.4100737190737782,destabilizing,N
1058,P152R,1.47537,0.5041497950510343,destabilizing,N
1061,P153A,1.23952,0.15306181676041875,destabilizing,N
1063,P153L,1.3555275,0.05004687971042747,destabilizing,N
1069,P153S,1.3714,0.11757717784502233,destabilizing,N
1070,P153T,1.1192025,0.48133034411799763,neutral,N
1079,P153H,1.3044925,0.14733579459435506,destabilizing,N
1081,G154A,3.21052,0.8374293113749962,highly destabilizing,N
1082,G154V,5.798545000000001,0.41206622001202686,highly destabilizing,N
1089,G154S,3.6901875,1.164469938993167,highly destabilizing,N
1091,G154C,3.01726,0.5106758575162919,highly destabilizing,N
1095,G154D,2.990305,0.9824324978974383,destabilizing,N
1101,T155A,1.1878224999999998,0.4617806830831601,neutral,N
1104,T155I,1.215225,0.8889765325502131,destabilizing,N
1108,T155P,3.6898875,1.3978724316327116,highly destabilizing,N
1109,T155S,1.838725,0.22085567668728825,destabilizing,N
1113,T155N,3.3176924999999997,0.9434472827979047,highly destabilizing,N
1120,R156G,1.9412275,0.35694680138467416,destabilizing,N
1123,R156L,-0.7943100000000001,0.3789789268547791,neutral,N
1128,R156P,4.3450299999999995,0.4396482628761314,highly destabilizing,N
1129,R156S,1.3466624999999999,0.4660952836800111,destabilizing,N
1131,R156C,0.752875,0.3409918543381938,neutral,N
1139,R156H,0.3937175,0.7564530613453488,neutral,N
1140,V157G,5.323847499999999,0.4252092622682978,highly destabilizing,N
1141,V157A,3.532995,0.2517207970649228,highly destabilizing,N
1143,V157L,0.6982325,0.9278637736320725,neutral,N
1144,V157I,-0.14012999999999998,0.5152472981491509,neutral,N
1146,V157F,5.59626,2.3840514023086836,highly destabilizing,N
1155,V157D,3.8783025,0.5613875612433444,highly destabilizing,N
1160,R158G,3.2738975,0.3759471127948053,highly destabilizing,N
1163,R158L,0.515345,0.381039855953416,neutral,N
1168,R158P,4.115075,0.8371111265984942,highly destabilizing,N
1169,R158S,2.9116375,0.5564142722996509,destabilizing,N
1171,R158C,1.9932050000000001,0.7048630765794163,destabilizing,N
1179,R158H,4.534775,2.053176011043622,highly destabilizing,N
1182,A159V,-0.22002500000000003,0.7232763406022624,neutral,N
1188,A159P,4.1221875,1.018332975145532,highly destabilizing,N
1189,A159S,1.2322475000000002,0.39533482008134574,destabilizing,N
1190,A159T,0.8717775,0.8692878132809352,neutral,N
1195,A159D,3.67765,1.0548820294468952,highly destabilizing,N
1202,M160V,1.0672625,0.5064066660982555,neutral,N
1203,M160L,0.140065,0.2553522008422876,neutral,N
1204,M160I,0.6855675,0.6506397785785542,neutral,N
1210,M160T,1.7260475,0.9149166433718157,destabilizing,N
1217,M160K,1.7096725,0.18702716906575365,destabilizing,N
1218,M160R,1.9280774999999999,0.3602272875126897,destabilizing,N
1220,A161G,1.93801,0.29764617165352547,destabilizing,N
1222,A161V,-1.116545,0.7379637027828673,neutral,N
1228,A161P,-0.619415,1.2547023777474082,neutral,N
1229,A161S,1.1200999999999999,0.2824853372300941,neutral,N
1230,A161T,0.6126425,0.4041333152175776,neutral,N
1235,A161D,2.7229924999999997,0.5966975046610721,destabilizing,N
1242,I162V,0.5367875,0.5679922802017207,neutral,N
1245,I162M,0.44511249999999997,0.47810643508401973,neutral,N
1246,I162F,5.1876525,2.2594983631923147,highly destabilizing,N
1249,I162S,3.051485,0.3549500689181507,highly destabilizing,N
1253,I162N,3.4573625000000003,0.3460866509542805,highly destabilizing,N
1269,Y163S,3.9434575,0.3833132108586266,highly destabilizing,N
1271,Y163C,2.7136424999999997,0.18449066417775734,destabilizing,N
1273,Y163N,2.9362975000000002,0.6269860286870433,destabilizing,N
1275,Y163D,3.0998575,0.9010403719139061,highly destabilizing,N
1279,Y163H,2.1159575,0.6739500204902067,destabilizing,N
1285,K164M,0.309795,0.471727857376475,neutral,N
1290,K164T,1.4156925,0.25376254593369363,destabilizing,N
1293,K164N,1.6749550000000002,0.4697955486432369,destabilizing,N
1294,K164Q,0.9401075,0.49783272333058826,neutral,N
1296,K164E,1.3183325000000001,0.32626316665960015,destabilizing,N
1298,K164R,0.52772,0.15957650970615944,neutral,N
1303,Q165L,-1.2227075,0.40866282265304,stabilizing,N
1308,Q165P,0.7321525000000001,1.7618815066055806,neutral,N
1316,Q165E,-0.0594375,0.08816414786493429,neutral,N
1317,Q165K,-0.06402,0.7951959008005511,neutral,N
1318,Q165R,-0.04955,0.35994188273942224,neutral,N
1319,Q165H,-0.024730000000000016,0.3825326683435024,neutral,N
1321,S166A,-0.3278975,0.13021990772823486,neutral,N
1323,S166L,-0.56753,0.246099452762496,neutral,N
1328,S166P,-1.795115,0.40719190644584274,stabilizing,N
1330,S166T,-0.0019899999999999952,0.11905903724623344,neutral,N
1343,Q167L,-0.09032000000000001,0.20651849711345474,neutral,N
1356,Q167E,-0.31546749999999996,0.35160889141025714,neutral,N
1357,Q167K,-0.30158500000000005,0.19938229365969287,neutral,N
1358,Q167R,0.285785,0.4361270707316848,neutral,N
1359,Q167H,0.3744225,0.13674623475163766,neutral,N
1363,H168L,-0.25037750000000003,0.7770231864421743,neutral,N
1368,H168P,4.5393725,1.1251857440968358,highly destabilizing,N
1372,H168Y,-0.75502,0.39060020071679435,neutral,N
1373,H168N,0.35059250000000003,0.4368951231345458,neutral,N
1374,H168Q,0.8931175,0.8126304898407086,neutral,N
1375,H168D,0.5194225,0.21252121674964597,neutral,N
1378,H168R,0.9107475,0.35692436505336816,neutral,N
1382,M169V,1.38285,0.18483848124781807,destabilizing,N
1383,M169L,0.19156,0.3856179202915757,neutral,N
1384,M169I,1.2784624999999998,0.11857504825531381,destabilizing,N
1390,M169T,1.33223,0.36004843132556485,destabilizing,N
1401,T170A,-0.5058199999999999,0.07481276729275556,neutral,N
1405,T170M,-0.91831,0.6756353737408958,neutral,N
1408,T170P,-0.2695425,1.9909038954627494,neutral,N
1409,T170S,-0.151845,0.31167021749759793,neutral,N
1417,T170K,-0.7855375,0.5472608388316763,neutral,N
1418,T170R,-0.8541375,0.16961582080911553,neutral,N
1420,E171G,2.4971175,0.3391504149617835,destabilizing,N
1421,E171A,1.6302375000000002,0.27925927803521594,destabilizing,N
1422,E171V,0.8268150000000001,0.5683648361967866,neutral,N
1434,E171Q,0.33328250000000004,0.1667664451223627,neutral,N
1435,E171D,0.72813,0.44699107446346176,neutral,N
1437,E171K,1.574825,0.6089250200763636,destabilizing,N
1440,V172G,2.4905025,0.9046861005170522,destabilizing,N
1441,V172A,1.2316799999999999,0.31415703979061166,destabilizing,N
1444,V172I,-0.23491,0.45668751345969594,neutral,N
1446,V172F,7.098365,2.4288275853845613,highly destabilizing,N
1455,V172D,2.607425,1.0910900097035992,destabilizing,N
1460,V173G,4.04484,0.8780843804840169,highly destabilizing,N
1461,V173A,2.4021075,0.39895828662749944,destabilizing,N
1463,V173L,1.5171975,1.0564960027225612,destabilizing,N
1465,V173M,3.0460675000000004,1.8939317138478753,highly destabilizing,N
1476,V173E,4.126205,1.6585630313843969,highly destabilizing,N
1480,R174G,1.2098875,0.23730048739678136,destabilizing,N
1485,R174M,-0.8077199999999999,0.6006290765106198,neutral,N
1487,R174W,1.698535,0.9054104634501414,destabilizing,N
1489,R174S,0.6761275,0.13777115361624145,neutral,N
1490,R174T,0.5654975,0.43157780366783227,neutral,N
1497,R174K,0.377035,0.10012189333507432,neutral,N
1500,R175G,2.3009625,1.2978370265055432,destabilizing,N
1503,R175L,0.38542,1.2899944188445156,neutral,N
1508,R175P,2.8553675,2.4620462373031806,destabilizing,N
1509,R175S,2.0322,1.2507626953982918,destabilizing,N
1511,R175C,1.4370274999999997,1.0977841074039785,destabilizing,N
1519,R175H,6.8495824999999995,2.9961017513460306,highly destabilizing,N
1520,C176G,6.409785,2.5897444701022145,highly destabilizing,N
1526,C176F,13.496715,7.5062720715595574,highly destabilizing,N
1527,C176W,14.768665,9.591357468308384,highly destabilizing,N
1529,C176S,4.9455225,2.9930107873208125,highly destabilizing,N
1532,C176Y,15.1985675,8.965534150900812,highly destabilizing,N
1538,C176R,9.235795,4.718557700773087,highly destabilizing,N
1543,P177L,1.5261125,0.6377580755809762,destabilizing,N
1549,P177S,2.366815,0.7693669471227629,destabilizing,N
1550,P177T,2.4189,0.9926868971886352,destabilizing,N
1558,P177R,2.32388,0.5421147351345469,destabilizing,N
1559,P177H,2.4684825000000004,0.643881598291759,destabilizing,N
1563,H178L,-0.5406725,0.5462529677894208,neutral,N
1568,H178P,0.13718750000000007,1.8883235867612178,neutral,N
1572,H178Y,-0.3622025,0.4404770529423184,neutral,N
1573,H178N,0.06509999999999999,0.09968433402496102,neutral,N
1574,H178Q,-0.5831275,0.28259038106197104,neutral,N
1575,H178D,-0.8440399999999999,0.3326738894923976,neutral,N
1583,H179L,3.7260150000000003,3.3264261597208193,highly destabilizing,N
1588,H179P,7.682845,4.357773299739788,highly destabilizing,N
1592,H179Y,5.1672875,4.760510794134254,highly destabilizing,N
1593,H179N,3.0935325,2.729285157814908,highly destabilizing,N
1594,H179Q,3.3683425000000002,3.814277577519595,highly destabilizing,N
1595,H179D,-0.9981525000000001,2.016928087133686,neutral,N
1598,H179R,4.9001425,3.332738120010144,highly destabilizing,N
1600,E180G,1.49152,0.0990306455093574,destabilizing,N
1614,E180Q,0.3307,0.6358665496784683,neutral,N
1615,E180D,0.820225,0.23594870909797325,neutral,N
1617,E180K,0.68005,0.26244950380978055,neutral,N
1620,R181G,0.272725,0.3420833165692241,neutral,N
1623,R181L,0.09136749999999999,0.22143250973773024,neutral,N
1628,R181P,3.30516,1.7220375998653454,highly destabilizing,N
1629,R181S,0.17729499999999998,0.37295232634346176,neutral,N
1631,R181C,0.497005,0.18148148452390397,neutral,N
1639,R181H,-0.040900000000000006,0.3292806767789449,neutral,N
1647,C182W,0.16279,0.5171117945376995,neutral,N
1649,C182S,-0.1460275,0.6838814941704082,neutral,N
1652,C182Y,-0.009117500000000008,0.18264025314467233,neutral,N
1658,C182R,-0.17641749999999998,0.33936856935896403,neutral,N
1663,S183L,-0.120705,0.1131492018310337,neutral,N
1668,S183P,-0.575945,0.6149852819580319,neutral,N
1692,D184Y,0.5907975,0.245317552610387,neutral,N
1693,D184N,1.0482550000000002,0.4409387400478665,neutral,N
1696,D184E,0.5399675,0.4315018415589324,neutral,N
1699,D184H,0.9057,0.4440316247183302,neutral,N
1700,S185G,0.7514425,0.5526827461742858,neutral,N
1704,S185I,0.489495,0.3728091233795117,neutral,N
1711,S185C,0.40614,0.1002390949181007,neutral,N
1713,S185N,0.49301249999999996,0.4394137604453802,neutral,N
1718,S185R,-0.09775500000000001,0.7575691335614195,neutral,N
1720,D186G,1.5667775,0.7656615372792015,destabilizing,N
1722,D186V,1.288455,0.36531234077840846,destabilizing,N
1733,D186N,0.491535,0.3077703511142683,neutral,N
1736,D186E,1.1305850000000002,0.6993808372231828,neutral,N
1739,D186H,1.3425325,0.6113381724289347,destabilizing,N
1742,G187V,4.1250475,0.44207090230951623,highly destabilizing,N
1749,G187S,1.799,1.4000978335994954,destabilizing,N
1751,G187C,2.2838075,1.0660812780078026,destabilizing,N
1755,G187D,1.9506525000000001,1.2311395168171437,destabilizing,N
1758,G187R,2.0612874999999997,0.719237437755259,destabilizing,N
1762,L188V,0.4431025,0.42405032498366274,neutral,N
1765,L188M,0.04810500000000001,0.4277660824855098,neutral,N
1774,L188Q,0.6583924999999999,0.4121130668502881,neutral,N
1780,A189G,1.4083975,0.23218070304990898,destabilizing,N
1782,A189V,1.032275,1.0857227097767643,neutral,N
1788,A189P,1.4579125,2.916059634535746,destabilizing,N
1789,A189S,0.44123750000000006,0.6081728453891624,neutral,N
1790,A189T,1.6039474999999999,0.7037605303075402,destabilizing,N
1795,A189D,3.183035,1.342538984657429,highly destabilizing,N
1801,P190A,2.1868275,0.38876449255140316,destabilizing,N
1803,P190L,1.4546350000000001,0.6418505125611415,destabilizing,N
1809,P190S,2.6374174999999997,0.6369988692052364,destabilizing,N
1810,P190T,2.9095199999999997,0.6872165082781407,destabilizing,N
1818,P190R,2.031155,0.15515108934519287,destabilizing,N
1819,P190H,1.70816,0.890484414321778,destabilizing,N
1821,P191A,1.3550375000000001,0.5477057052092392,destabilizing,N
1823,P191L,1.14738,0.9592253787040874,neutral,N
1829,P191S,1.6311324999999999,0.6058895254654514,destabilizing,N
1830,P191T,2.084105,0.5669728262668325,destabilizing,N
1838,P191R,1.25298,0.8018115193734746,destabilizing,N
1839,P191H,2.389115,1.0307831859925731,destabilizing,N
1843,Q192L,-0.08021249999999999,0.4447983949147636,neutral,N
1857,Q192K,-0.0640725,0.15304226644541696,neutral,N
1858,Q192R,0.38402249999999993,0.5476699916635474,neutral,N
1859,Q192H,1.0078675,0.347409489390762,neutral,N
1863,H193L,-0.53688,0.7208652917154493,neutral,N
1868,H193P,3.794105,1.8051229763162953,highly destabilizing,N
1872,H193Y,4.9019125,2.9504027301571476,highly destabilizing,N
1873,H193N,1.5184525,0.4632399295384089,destabilizing,N
1874,H193Q,1.40626,0.3526178388142041,destabilizing,N
1875,H193D,1.696795,0.17587939539639091,destabilizing,N
1878,H193R,3.72263,0.5735155451685682,highly destabilizing,N
1882,L194V,1.5251175,0.3526879687751625,destabilizing,N
1884,L194I,0.8665875,0.2583748153724546,neutral,N
1886,L194F,1.9851874999999999,0.47660872560072787,destabilizing,N
1888,L194P,2.0587775,0.8182824502998644,destabilizing,N
1898,L194R,7.356745,1.9620794869283456,highly destabilizing,N
1899,L194H,2.9435625,0.31542245983561473,destabilizing,N
1902,I195V,0.9972675,0.11903600660619458,neutral,N
1903,I195L,0.31163,0.43138039182373594,neutral,N
1905,I195M,0.4160025,0.48133950972130884,neutral,N
1906,I195F,6.0945775,3.244156407221876,highly destabilizing,N
1909,I195S,4.8230450000000005,0.39907216224011427,highly destabilizing,N
1910,I195T,2.8978450000000002,0.23173601764723586,destabilizing,N
1913,I195N,3.2824,0.23695366730650105,highly destabilizing,N
1920,R196G,2.1341124999999996,0.6350853926982969,destabilizing,N
1923,R196L,-0.413435,0.5260522809807026,neutral,N
1928,R196P,3.5115000000000003,0.6452474365311341,highly destabilizing,N
1934,R196Q,1.1598274999999998,0.9094904210978529,neutral,N
1940,V197G,5.175895,0.18150582435558374,highly destabilizing,N
1941,V197A,3.1675725,0.615668645229518,highly destabilizing,N
1943,V197L,0.8631074999999999,0.5163228486797288,neutral,N
1945,V197M,0.8321649999999999,0.5068560496580858,neutral,N
1956,V197E,4.625827500000001,0.49043912881085455,highly destabilizing,N
1960,E198G,1.7040725,0.14956775561179625,destabilizing,N
1962,E198V,0.8573500000000001,0.21786674057781286,neutral,N
1974,E198Q,0.3713975,0.2255408661833815,neutral,N
1975,E198D,1.01091,0.7827792736461537,neutral,N
1977,E198K,0.71062,0.627556740860936,neutral,N
1981,G199A,1.8782625,0.5897332068984669,destabilizing,N
1982,G199V,3.7946349999999995,1.1353216188485975,highly destabilizing,N
1996,G199E,1.7557225,0.9883310368083913,destabilizing,N
1998,G199R,0.6057725,1.1186661804661613,neutral,N
2004,N200I,-1.12311,0.20919225834145963,neutral,N
2009,N200S,1.01102,0.18317157025586697,neutral,N
2010,N200T,0.34246,0.43451999913697875,neutral,N
2012,N200Y,-0.8681175,0.1427110055978515,neutral,N
2015,N200D,0.07426499999999998,0.538682085208892,neutral,N
2022,L201V,0.6061099999999999,0.12195327342880141,neutral,N
2026,L201F,0.0881,0.15624360354907332,neutral,N
2029,L201S,0.3191425,0.12754670642062851,neutral,N
2040,R202G,0.8251674999999999,0.09195156398207696,neutral,N
2043,R202L,0.301365,0.26052032267176395,neutral,N
2048,R202P,1.2224225,0.8982805786716921,destabilizing,N
2049,R202S,0.36285500000000004,0.2455653078612694,neutral,N
2051,R202C,0.8699325,0.1421798979066661,neutral,N
2059,R202H,0.4835999999999999,0.33369868032403127,neutral,N
2061,V203A,1.4191224999999998,0.8108554605284163,destabilizing,N
2063,V203L,2.2028475,1.5556214294354362,destabilizing,N
2065,V203M,1.3638474999999999,1.2420655547992425,destabilizing,N
2076,V203E,3.7924225000000003,0.6246762586482296,highly destabilizing,N
2080,E204G,1.1371250000000002,0.08061952911670976,neutral,N
2081,E204A,0.27022999999999997,0.1851943476459257,neutral,N
2082,E204V,-0.2926775,0.17354144510390018,neutral,N
2094,E204Q,-0.4779125,0.3272640133267787,neutral,N
2095,E204D,0.5681475,0.18307475131418313,neutral,N
2097,E204K,-0.37733500000000003,0.401273047095117,neutral,N
2106,Y205F,-0.07235499999999999,0.5250732972881024,neutral,N
2109,Y205S,5.509057500000001,0.34323682941775063,highly destabilizing,N
2111,Y205C,4.2004075,0.5359124208009646,highly destabilizing,N
2113,Y205N,4.321205,0.5536558209980276,highly destabilizing,N
2115,Y205D,6.058675,0.6701536626214913,highly destabilizing,N
2119,Y205H,2.7957125,0.47689776804756606,destabilizing,N
2126,L206F,0.4495675,0.4052869809391242,neutral,N
2140,D207G,1.8459225000000001,0.5169375033006891,destabilizing,S6-7
2141,D207A,1.3503725,0.5935346177509362,destabilizing,S6-7
2152,D207Y,0.32684,0.362429412023914,neutral,S6-7
2153,D207N,0.47544999999999993,0.4391794973584263,neutral,S6-7
2156,D207E,0.7301074999999999,0.35362153507493005,neutral,S6-7
2160,D208G,2.35522,1.02592796150607,destabilizing,S6-7
2162,D208V,1.3582699999999999,1.236301768481304,destabilizing,S6-7
2172,D208Y,0.9933425,1.0070181379293772,neutral,S6-7
2173,D208N,1.1802075,0.5519643239093901,neutral,S6-7
2176,D208E,0.72647,1.1922215837460752,neutral,S6-7
2179,D208H,0.91079,1.173569760751358,neutral,S6-7
2180,R209G,0.248635,0.07981110590011894,neutral,S6-7
2184,R209I,0.26359,0.310387554599085,neutral,S6-7
2189,R209S,0.1704525,0.20798691982610348,neutral,S6-7
2190,R209T,0.2909075,0.30302351883764733,neutral,S6-7
2197,R209K,-0.124665,0.29563389491903663,neutral,S6-7
2209,N210S,-0.15649499999999997,0.2674087794463749,neutral,S6-7
2210,N210T,-0.5138,0.23895174293149654,neutral,S6-7
2215,N210D,-0.150185,0.3534309976148103,neutral,S6-7
2217,N210K,-0.3148125,0.31844761212599787,neutral,S6-7
2219,N210H,-0.014195,0.2135540383017844,neutral,S6-7
2221,T211A,-0.014369999999999994,0.6285831027795769,neutral,S6-7
2224,T211I,0.6853,0.41455045513182104,neutral,S6-7
2228,T211P,2.944975,3.1346026046733586,destabilizing,S6-7
2229,T211S,0.012419999999999994,0.6958416631317789,neutral,S6-7
2233,T211N,-0.09755999999999998,0.7853777542367749,neutral,S6-7
2242,F212V,2.8254725,2.0557501085172656,destabilizing,S6-7
2243,F212L,-0.22907249999999998,0.8565864424380939,neutral,S6-7
2244,F212I,2.4892700000000003,2.19979829449202,destabilizing,S6-7
2249,F212S,1.0230075,0.8583580886895341,neutral,S6-7
2251,F212C,0.6723325,1.4487193225289536,neutral,S6-7
2252,F212Y,0.29146,0.3084596347174132,neutral,S6-7
2260,R213G,2.3414925,0.13134198954922974,destabilizing,N
2263,R213L,0.1711475,0.19058727546389345,neutral,N
2268,R213P,5.73508,0.5703826632621295,highly destabilizing,N
2274,R213Q,1.50444,1.0947884497700915,destabilizing,N
2283,H214L,-1.179615,0.6433854607270824,neutral,N
2288,H214P,0.45363,1.447347731732081,neutral,N
2292,H214Y,-1.20787,0.6157786860959057,stabilizing,N
2294,H214Q,0.50421,0.2588470399676226,neutral,N
2295,H214D,1.5503375000000001,0.4948090620317598,destabilizing,N
2298,H214R,0.756605,0.6133045837713916,neutral,N
2300,S215G,1.2569575,0.31572792206067235,destabilizing,N
2304,S215I,2.0996225,1.3015152113474318,destabilizing,N
2310,S215T,0.9118975,0.8855567448327353,neutral,N
2311,S215C,0.09451749999999999,0.20573782374359365,neutral,N
2313,S215N,1.155815,0.25819304313826896,neutral,N
2318,S215R,0.81985,0.6659933525569155,neutral,N
2320,V216G,5.146249999999999,0.22780362464192694,highly destabilizing,N
2321,V216A,3.3038475,0.31492206610326634,highly destabilizing,N
2323,V216L,2.1100825000000003,0.6893993572079612,destabilizing,N
2325,V216M,3.9190224999999996,1.0133640293688888,highly destabilizing,N
2336,V216E,6.5298099999999994,1.1404998318719735,highly destabilizing,N
2340,V217G,3.7783825,0.432654977515283,highly destabilizing,N
2341,V217A,2.5462925,0.38244078452585306,destabilizing,N
2343,V217L,0.40300249999999993,0.259862504930492,neutral,N
2356,V217E,3.3812825,0.6825400265689552,highly destabilizing,N
2360,V218G,4.6404625,0.4388014303403647,highly destabilizing,N
2361,V218A,2.85127,0.296627900491508,destabilizing,N
2363,V218L,-0.16238999999999998,0.7863866060659985,neutral,N
2365,V218M,0.356105,0.9077309548952267,neutral,N
2376,V218E,2.9627675,0.5084753477492788,destabilizing,N
2383,P219L,1.3204725,0.5656477393826922,destabilizing,N
2389,P219S,2.4066799999999997,0.30424517769391185,destabilizing,N
2390,P219T,2.3235799999999998,0.5144132337430677,destabilizing,N
2398,P219R,1.9186850000000002,0.40680660371360744,destabilizing,N
2399,P219H,1.84325,0.9585764683112141,destabilizing,N
2409,Y220S,5.3215325,0.629067480735374,highly destabilizing,N
2411,Y220C,3.9949974999999993,0.3762865617036438,highly destabilizing,N
2413,Y220N,4.2374350000000005,0.9630436528138276,highly destabilizing,N
2415,Y220D,5.4112825,0.8975723162056358,highly destabilizing,N
2419,Y220H,2.6345475,0.5393057765023012,destabilizing,N
2420,E221G,1.2919225,0.574907735092119,destabilizing,N
2422,E221V,-0.1897175,0.16841073605548432,neutral,N
2435,E221D,0.376165,0.16337312485534458,neutral,N
2437,E221K,-0.3613875,0.13248322051773198,neutral,N
2441,P222A,1.6143225,0.2999347380993906,destabilizing,N
2443,P222L,1.5325375,0.2341580402607393,destabilizing,N
2449,P222S,1.9548575000000001,0.521254774528493,destabilizing,N
2450,P222T,2.0574725000000003,0.8774356819555209,destabilizing,N
2454,P222Q,1.6310799999999999,0.2617585743581287,destabilizing,N
2461,P223A,1.7779325,0.2711804775767422,destabilizing,N
2463,P223L,2.9981299999999997,1.1431651795563054,destabilizing,N
2469,P223S,2.2635650000000003,0.7910062618431033,destabilizing,N
2470,P223T,3.0497449999999997,1.2997216142024413,highly destabilizing,N
2478,P223R,2.173085,0.36377641295856444,destabilizing,N
2479,P223H,2.76809,0.1766800478265727,destabilizing,N
2480,E224G,0.49756500000000004,0.41535114279967983,neutral,N
2482,E224V,0.672255,0.16888591541333456,neutral,N
2494,E224Q,0.02319750000000001,0.32835584320786804,neutral,N
2495,E224D,0.15513249999999998,0.2746153999118585,neutral,N
2497,E224K,0.22337500000000002,0.15232840977637754,neutral,N
2500,V225G,0.35903250000000003,0.2544917506889958,neutral,N
2501,V225A,-0.008235000000000001,0.10542914978790259,neutral,N
2504,V225I,-0.036095,0.1406746271542953,neutral,N
2506,V225F,-0.046599999999999996,0.03995635055907883,neutral,N
2515,V225D,-0.40766750000000007,0.48165793704531645,neutral,N
2521,G226A,2.33718,0.5079377435769074,destabilizing,N
2522,G226V,4.9176375,0.5410817764615161,highly destabilizing,N
2529,G226S,2.4758775,1.313199739079608,destabilizing,N
2535,G226D,2.49527,1.2391961972787036,destabilizing,N
2546,S227F,-0.308405,0.5343990500319027,neutral,N
2548,S227P,4.6294075,1.2828651621736207,highly destabilizing,N
2552,S227Y,-0.14799249999999997,0.5198459886050387,neutral,N
2560,D228G,0.5131924999999999,0.1291993930664924,neutral,N
2561,D228A,0.195765,0.11621073218511274,neutral,N
2562,D228V,0.2877325,0.11891245842530547,neutral,N
2572,D228Y,-0.0260375,0.06493230181311918,neutral,N
2573,D228N,0.06807250000000001,0.10928056926439393,neutral,N
2576,D228E,-0.1523775,0.2659631921314489,neutral,N
2579,D228H,0.18976749999999998,0.08864724202562649,neutral,N
2580,C229G,1.12935,0.3615218688406,neutral,N
2586,C229F,-0.20339500000000005,0.9945289798065213,neutral,N
2587,C229W,0.602295,1.2755031857369075,neutral,N
2589,C229S,0.8577174999999999,0.34529117917889246,neutral,N
2592,C229Y,-0.43764749999999997,1.1557633536190486,neutral,N
2598,C229R,1.0222875,0.8169092732481069,neutral,N
2601,T230A,1.1747375,0.6740831791913738,neutral,N
2604,T230I,0.4807524999999999,0.7459248589293361,neutral,N
2608,T230P,1.3571275,1.2335766612046248,destabilizing,N
2609,T230S,1.1727100000000001,0.22488003212824387,neutral,N
2613,T230N,1.4355099999999998,0.4515305489111451,destabilizing,N
2621,T231A,0.556325,0.4306566819114734,neutral,N
2624,T231I,-0.9799500000000001,0.1878901124327728,neutral,N
2628,T231P,0.590155,0.7543029795281204,neutral,N
2629,T231S,0.9786475,0.4529900857289815,neutral,N
2633,T231N,0.7906975,0.4136997602957367,neutral,N
2642,I232V,1.22952,0.10338058497609694,destabilizing,N
2643,I232L,0.0803975,0.1292113232992759,neutral,N
2646,I232F,0.937445,1.2226477842473686,neutral,N
2649,I232S,3.601995,0.14047240093698116,highly destabilizing,N
2650,I232T,2.538585,0.164131095850238,destabilizing,N
2653,I232N,3.2829249999999996,0.3168357756393682,highly destabilizing,N
2663,H233L,-0.7904,0.15017160150973952,neutral,N
2668,H233P,-0.04843250000000002,0.6623425291484384,neutral,N
2672,H233Y,-1.08475,0.25148806959774456,neutral,N
2674,H233Q,0.39804750000000005,0.36984139495025437,neutral,N
2675,H233D,0.5389200000000001,0.5176428537611623,neutral,N
2678,H233R,-0.10896750000000002,0.4835152048992358,neutral,N
2686,Y234F,-0.459225,0.4947463710074082,neutral,N
2689,Y234S,4.992907499999999,0.24727131843129313,highly destabilizing,N
2691,Y234C,3.99463,0.39641796704993065,highly destabilizing,N
2693,Y234N,4.00246,0.467266290727247,highly destabilizing,N
2695,Y234D,5.6048925,0.3124694361353604,highly destabilizing,N
2699,Y234H,2.6556724999999997,0.2544398513770003,destabilizing,N
2704,N235I,-0.3324025,0.9530966654378505,neutral,N
2709,N235S,0.9804625,0.4099731360940007,neutral,N
2710,N235T,0.7046199999999999,0.29763882231657884,neutral,N
2712,N235Y,2.571625,1.7279950992479693,destabilizing,N
2715,N235D,2.889995,0.47143973053297067,destabilizing,N
2717,N235K,-1.138565,0.4455796578895854,neutral,N
2719,N235H,1.681275,1.296842985744612,destabilizing,N
2726,Y236F,0.5868475,0.10312813567960007,neutral,N
2729,Y236S,6.5141975,0.48085080551949777,highly destabilizing,N
2731,Y236C,4.83183,0.31442321725661415,highly destabilizing,N
2733,Y236N,5.3504625,0.3800785008636374,highly destabilizing,N
2735,Y236D,6.049910000000001,0.2861545151661948,highly destabilizing,N
2739,Y236H,4.1155325000000005,0.2514918825106487,highly destabilizing,N
2742,M237V,2.4154074999999997,1.7601532689282349,destabilizing,N
2743,M237L,0.2966725,1.0960219417141017,neutral,N
2744,M237I,3.1377775000000003,1.0294939705354034,highly destabilizing,N
2750,M237T,1.794165,0.313787641606549,destabilizing,N
2757,M237K,2.005275,0.5637720448239696,destabilizing,N
2758,M237R,1.6482325000000002,0.6015670004403084,destabilizing,N
2760,C238G,6.8890375,2.682506570619865,highly destabilizing,N
2766,C238F,15.466225000000001,6.905540533189636,highly destabilizing,N
2767,C238W,20.1441175,9.506033470423862,highly destabilizing,N
2769,C238S,4.818949999999999,3.248215767255925,highly destabilizing,N
2772,C238Y,17.056537499999997,6.9198661981586564,highly destabilizing,N
2778,C238R,17.2587725,6.327132856363042,highly destabilizing,N
2784,N239I,0.181355,0.24102023125663122,neutral,N
2789,N239S,-0.35705500000000007,0.20500700384377116,neutral,N
2790,N239T,0.22272,0.4296465401350277,neutral,N
2792,N239Y,-0.47989750000000003,1.4239134180380315,neutral,N
2795,N239D,0.4620825,0.43580188046720264,neutral,N
2797,N239K,-0.212235,0.7367663644093696,neutral,N
2799,N239H,0.04827500000000001,0.7200885797768215,neutral,N
2800,S240G,0.9750025,0.3319805070614086,neutral,N
2804,S240I,-0.7243725,0.9516241122779256,neutral,N
2810,S240T,-0.10949249999999999,0.5523207609430865,neutral,N
2811,S240C,-0.259555,0.08555899149125122,neutral,N
2818,S240R,0.6958624999999999,1.1521182260813123,neutral,N
2821,S241A,0.024627500000000004,0.19417762569037145,neutral,N
2826,S241F,-0.6026225,0.7071231354359367,neutral,N
2828,S241P,1.4463149999999998,1.8459261768757167,destabilizing,N
2830,S241T,0.48606000000000005,0.12346430111574765,neutral,N
2831,S241C,0.29014249999999997,0.47959769058946683,neutral,N
2832,S241Y,-0.6889075,0.6441666753789349,neutral,N
2840,C242G,6.229592500000001,2.015502346096067,highly destabilizing,N
2846,C242F,16.812070000000002,12.563282301918555,highly destabilizing,N
2847,C242W,16.0652025,11.23881811649333,highly destabilizing,N
2849,C242S,5.4872775,2.629525759793722,highly destabilizing,N
2852,C242Y,19.19075,13.802357952701414,highly destabilizing,N
2858,C242R,8.76577,3.498459151705219,highly destabilizing,N
2862,M243V,0.421005,0.26873817746088846,neutral,N
2863,M243L,0.1808625,0.22715808255210732,neutral,N
2864,M243I,0.3276475,0.21334660969593588,neutral,N
2870,M243T,0.5027825,0.3480180832496352,neutral,N
2877,M243K,-0.17484,0.16328588288642715,neutral,N
2878,M243R,0.24231250000000001,0.5694165781470978,neutral,N
2881,G244A,1.83834,1.12647568715441,destabilizing,N
2882,G244V,5.05466,0.9617571310107349,highly destabilizing,N
2889,G244S,2.144305,1.118001760072407,destabilizing,N
2891,G244C,2.2046225,1.009640708603189,destabilizing,N
2895,G244D,1.89938,1.0149036155714493,destabilizing,N
2898,G244R,3.3756975000000002,1.4576970001748477,highly destabilizing,N
2901,G245A,2.9063649999999996,0.885449167160374,destabilizing,N
2902,G245V,8.3878425,2.346623101388195,highly destabilizing,N
2909,G245S,3.0813575,1.2019808176167996,highly destabilizing,N
2911,G245C,4.2656374999999995,1.4585651986005803,highly destabilizing,N
2915,G245D,5.928055,4.077791048168726,highly destabilizing,N
2918,G245R,17.224472499999997,6.39603926175948,highly destabilizing,N
2922,M246V,2.467225,0.322194207000995,destabilizing,N
2923,M246L,0.1713025,0.13982066395476028,neutral,N
2924,M246I,1.75813,0.2504315069035843,destabilizing,N
2930,M246T,2.98761,0.5631688290823631,destabilizing,N
2937,M246K,3.468085,0.7107376654751033,highly destabilizing,N
2938,M246R,3.68533,0.6775276884747957,highly destabilizing,N
2944,N247I,3.29255,0.9353714324534399,highly destabilizing,N
2949,N247S,0.9840825000000001,0.6085727952913685,neutral,N
2950,N247T,2.060905,0.6396282496302051,destabilizing,N
2952,N247Y,0.549245,0.2582831152533978,neutral,N
2955,N247D,0.42486499999999994,0.9929392630090724,neutral,N
2957,N247K,0.607015,0.8944771641998469,neutral,N
2960,R248G,-1.3861175000000001,0.6809291493017097,stabilizing,N
2963,R248L,0.28701750000000004,0.32072732681944954,neutral,N
2967,R248W,1.037895,0.19134731582909648,neutral,N
2968,R248P,4.99784,1.6488128080986029,highly destabilizing,N
2974,R248Q,0.2284625,0.38456585803832094,neutral,N
2980,R249G,3.27964,0.38333024163245977,highly destabilizing,N
2985,R249M,0.8836299999999999,0.547704584242272,neutral,N
2987,R249W,1.6436125,0.28658973728790427,destabilizing,N
2989,R249S,2.554735,0.32644824417509116,destabilizing,N
2990,R249T,1.6812225,0.37905884169710385,destabilizing,N
2997,R249K,1.3406025,0.18739977006055794,destabilizing,N
3001,P250A,1.7239225,0.17378339008302837,destabilizing,N
3003,P250L,1.1117725,1.0807549398308343,neutral,N
3009,P250S,1.891895,0.9374441579235533,destabilizing,N
3010,P250T,2.5494675,0.5883628464381057,destabilizing,N
3018,P250R,2.0840575,0.18345894423208153,destabilizing,N
3019,P250H,2.27361,0.9393004497497061,destabilizing,N
3022,I251V,1.120615,0.19654007752873198,neutral,N
3023,I251L,0.977555,0.7351843753270332,neutral,N
3025,I251M,0.7223625,0.4496399929040455,neutral,N
3026,I251F,4.541115,2.8526011370370377,highly destabilizing,N
3029,I251S,4.6133975000000005,0.2624664394141658,highly destabilizing,N
3030,I251T,3.11471,0.17668175160440303,highly destabilizing,N
3033,I251N,4.678895,0.34883218590749354,highly destabilizing,N
3046,L252F,0.6210249999999999,0.3360980108911685,neutral,N
3048,L252P,5.14637,0.6526352549088962,highly destabilizing,N
3059,L252H,2.4264625,0.4817842477901804,destabilizing,N
3061,T253A,1.678965,0.6047925565224824,destabilizing,N
3064,T253I,-0.5611299999999999,0.46500776165565233,neutral,N
3068,T253P,4.1343125,0.13564389414474198,highly destabilizing,N
3069,T253S,1.8996974999999998,0.3166253108466694,destabilizing,N
3073,T253N,0.8628500000000001,0.7131248954075295,neutral,N
3082,I254V,1.17752,0.3133469635244611,neutral,N
3083,I254L,0.22461499999999998,0.08130951896918343,neutral,N
3085,I254M,0.6065125,0.4181668478236289,neutral,N
3086,I254F,4.90601,2.0054347406360544,highly destabilizing,N
3089,I254S,4.09595,1.0743445164610839,highly destabilizing,N
3090,I254T,2.68242,1.2057052429594888,destabilizing,N
3093,I254N,3.3888450000000003,0.16972886208597526,highly destabilizing,N
3102,I255V,1.02755,0.41709137949614833,neutral,N
3105,I255M,0.5108975,0.7191785662606681,neutral,N
3106,I255F,2.966735,1.1707043662791219,destabilizing,N
3109,I255S,5.1531649999999996,0.5983267118598333,highly destabilizing,N
3110,I255T,3.3812450000000003,0.5603768923010656,highly destabilizing,N
3113,I255N,3.3724625,0.20874049575669298,highly destabilizing,N
3121,T256A,1.185635,0.4624666685556917,neutral,N
3124,T256I,-0.7282425000000001,0.15529411875132298,neutral,N
3128,T256P,3.3741649999999996,0.8600994056067008,highly destabilizing,N
3129,T256S,1.1967775,0.28190856242539,neutral,N
3137,T256K,1.0286425000000001,0.6963303567407858,neutral,N
3138,T256R,0.9533925,1.0420622379775355,neutral,N
3142,L257V,1.937955,0.858050545495427,destabilizing,N
3148,L257P,6.30546,0.2509725279786616,highly destabilizing,N
3154,L257Q,3.1172924999999996,0.25289050529577034,highly destabilizing,N
3158,L257R,5.5038849999999995,1.1902817550794433,highly destabilizing,N
3160,E258G,2.1272475,0.43947967878930416,destabilizing,N
3161,E258A,1.1929525,0.46043635919500314,neutral,N
3162,E258V,0.057422499999999994,0.379730189567211,neutral,N
3174,E258Q,0.180205,0.3377627654508412,neutral,N
3175,E258D,1.97371,0.13805734732349462,destabilizing,N
3177,E258K,1.1079175,0.5409791192077104,neutral,N
3180,D259G,2.09728,0.8372787201105735,destabilizing,N
3181,D259A,2.10892,0.7320240824931923,destabilizing,N
3182,D259V,2.9877775,0.6708585087175611,destabilizing,N
3192,D259Y,2.30884,0.7330062705393453,destabilizing,N
3193,D259N,1.3108250000000001,0.5591290455923391,destabilizing,N
3196,D259E,1.6822549999999998,0.6337171413769711,destabilizing,N
3199,D259H,3.1231850000000003,0.5905932179808705,highly destabilizing,N
3201,S260A,-0.2087025,0.12668426646095401,neutral,N
3206,S260F,-0.11976249999999998,0.2140029994386761,neutral,N
3208,S260P,-0.518125,0.40426956542015374,neutral,N
3210,S260T,0.55398,0.06553870650234105,neutral,N
3211,S260C,0.5692,0.55408652722296,neutral,N
3212,S260Y,0.061579999999999996,0.5025679824163096,neutral,N
3220,S261G,0.2967075,0.3839416073685555,neutral,N
3224,S261I,0.8782599999999999,0.28093591893882136,neutral,N
3230,S261T,0.5712200000000001,0.36391025095481994,neutral,N
3231,S261C,0.4379675,0.4136050083941803,neutral,N
3233,S261N,-0.2105675,0.1529822498486344,neutral,N
3238,S261R,-0.2936975,0.3210155599324587,neutral,N
3242,G262V,4.9300475,0.10915626284712214,highly destabilizing,N
3249,G262S,3.0423675,1.0407440421730743,highly destabilizing,N
3251,G262C,2.436185,1.1244158199149459,destabilizing,N
3255,G262D,3.35579,1.1322701807430946,highly destabilizing,N
3258,G262R,2.420815,0.9309543912163474,destabilizing,N
3264,N263I,0.465045,0.32220371199754977,neutral,N
3275,N263D,0.8698125000000001,0.48045309185054685,neutral,N
3277,N263K,-0.17557,0.24829069958417693,neutral,N
3279,N263H,0.065555,0.13976143861952767,neutral,N
3282,L264V,1.3036875,0.12247860167698678,destabilizing,N
3284,L264I,0.67421,0.11237126389784892,neutral,N
3288,L264P,1.2806825,0.15707172985216022,destabilizing,N
3294,L264Q,1.4364675,0.08011145934727441,destabilizing,N
3298,L264R,1.68369,0.5654229157895884,destabilizing,N
3305,L265M,0.8106675,0.8279492228203067,neutral,N
3308,L265P,6.6556500000000005,1.2657261337074461,highly destabilizing,N
3314,L265Q,1.833155,0.15019670211093195,destabilizing,N
3318,L265R,1.5098824999999998,0.05175471494221571,destabilizing,N
3321,G266A,2.1915825,1.4973883109663804,destabilizing,N
3322,G266V,9.848650000000001,0.6829681058072915,highly destabilizing,N
3336,G266E,11.9236,1.2137547641925035,highly destabilizing,N
3338,G266R,20.5075875,4.822375753720229,highly destabilizing,N
3340,R267G,2.6047599999999997,0.4688227801099259,destabilizing,N
3343,R267L,-1.2425549999999999,0.8927733676723337,stabilizing,N
3347,R267W,5.936607499999999,1.1049891684848092,highly destabilizing,N
3348,R267P,6.362795,1.183284646344657,highly destabilizing,N
3354,R267Q,0.4014125,0.6364745401182595,neutral,N
3364,N268I,-0.23578,0.6889348780182348,neutral,N
3369,N268S,1.0070949999999999,0.39907562832751386,neutral,N
3372,N268Y,-0.603505,0.2950455167003898,neutral,N
3377,N268K,0.49296749999999995,0.7073351868589248,neutral,N
3379,N268H,-0.15608750000000005,0.4225367603164842,neutral,N
3380,S269G,1.1175325,0.26661886986623806,neutral,N
3384,S269I,-0.17149250000000002,1.2386563371729666,neutral,N
3390,S269T,-0.38048750000000003,0.05591096107875451,neutral,N
3391,S269C,-0.007710000000000022,0.4649920250391398,neutral,N
3393,S269N,0.62599,0.34678253697382166,neutral,N
3398,S269R,0.1312275,0.6692200748399214,neutral,N
3402,F270V,3.7969975000000002,0.44132493564124625,highly destabilizing,N
3403,F270L,2.1048575,0.16026856949742208,destabilizing,N
3404,F270I,3.1708325,0.41289548177323276,highly destabilizing,N
3409,F270S,5.42147,0.23029276226143114,highly destabilizing,N
3411,F270C,4.830325,0.33107218959767676,highly destabilizing,N
3412,F270Y,0.7599525,0.22249237541711403,neutral,N
3420,E271G,1.614115,0.7191474391423499,destabilizing,N
3422,E271V,-0.57114,0.6477740855035804,neutral,N
3434,E271Q,0.8382625,0.5714911863438928,neutral,N
3435,E271D,0.9794749999999999,0.5522217484625176,neutral,N
3437,E271K,0.42421749999999997,1.2361627377569468,neutral,N
3440,V272G,5.309387500000001,0.05667708592323717,highly destabilizing,N
3441,V272A,3.526225,0.1394957735022822,highly destabilizing,N
3443,V272L,3.0113125000000003,1.030151716772219,highly destabilizing,N
3445,V272M,2.92835,1.0159262750071976,destabilizing,N
3456,V272E,5.31817,1.1402638196706936,highly destabilizing,N
3460,R273G,2.1718325,0.07352206314263768,destabilizing,N
3463,R273L,-0.33029,0.7810508642207625,neutral,N
3468,R273P,3.8454200000000003,0.9156050802611353,highly destabilizing,N
3469,R273S,1.3072925,0.2982834570819341,destabilizing,N
3471,R273C,0.6664649999999999,0.29104840821588424,neutral,N
3479,R273H,0.6274625,0.5252243097180004,neutral,N
3480,V274G,4.47728,0.40656951539681396,highly destabilizing,N
3481,V274A,2.7803975,0.21028298247540145,destabilizing,N
3483,V274L,2.7364725,1.3133126467900742,destabilizing,N
3484,V274I,-0.5891975,0.3499308178322538,neutral,N
3486,V274F,9.0091675,2.881206519692532,highly destabilizing,N
3495,V274D,3.731165,0.5418204735195967,highly destabilizing,N
3500,C275G,1.5327099999999998,0.37566094653290744,destabilizing,N
3506,C275F,3.5130749999999997,2.063414701780764,highly destabilizing,N
3507,C275W,3.4149599999999998,3.854911053623676,highly destabilizing,N
3509,C275S,0.2810575,0.5721566287466658,neutral,N
3512,C275Y,3.3000175,2.5763490101146527,highly destabilizing,N
3518,C275R,3.0614999999999997,0.9481736310402225,highly destabilizing,N
3520,A276G,0.3831475,0.3603706807146636,neutral,N
3522,A276V,-0.0708225,0.26545181666123513,neutral,N
3528,A276P,-0.4699125,0.5187629733980154,neutral,N
3529,A276S,0.165935,0.10163954065716749,neutral,N
3530,A276T,-0.05818999999999998,0.303256141487687,neutral,N
3535,A276D,-0.2285575,0.12623108717249487,neutral,N
3540,C277G,1.7599675,1.7745397566323355,destabilizing,N
3546,C277F,-0.6342325,0.5065005261287988,neutral,N
3547,C277W,-0.09560500000000001,0.20483198755321397,neutral,N
3549,C277S,0.13663250000000002,0.1883804812573479,neutral,N
3552,C277Y,-0.3623575,0.3298985304131408,neutral,N
3558,C277R,-0.102735,0.13484203656501187,neutral,N
3561,P278A,2.5594900000000003,0.5974543949541254,destabilizing,N
3563,P278L,8.3980175,2.092740139677822,highly destabilizing,N
3569,P278S,4.0163425,0.31257747082723336,highly destabilizing,N
3570,P278T,4.57847,0.4611533899907926,highly destabilizing,N
3578,P278R,13.622462500000001,0.2785865531010963,highly destabilizing,N
3579,P278H,19.76615,7.17770740453733,highly destabilizing,N
3582,G279V,8.199005,4.257800906979447,highly destabilizing,N
3587,G279W,18.230655,10.918687579577732,highly destabilizing,N
3596,G279E,9.41555,5.6358246073223395,highly destabilizing,N
3598,G279R,16.7002675,8.94839564778898,highly destabilizing,N
3600,R280G,1.5637025,0.7026771550425913,destabilizing,N
3604,R280I,0.9753625,0.5505550703324328,neutral,N
3609,R280S,1.2052825,0.39838542997799253,destabilizing,N
3610,R280T,0.93011,0.48510391077582543,neutral,N
3617,R280K,0.2113125,0.40416037178173464,neutral,N
3620,D281G,1.6899224999999998,1.0015943935639564,destabilizing,N
3621,D281A,0.26785000000000003,0.9048217985050979,neutral,N
3622,D281V,-0.1068625,0.7484645616986485,neutral,N
3632,D281Y,0.08483500000000002,0.6301049860737494,neutral,N
3633,D281N,-0.10719250000000001,1.0888797963819283,neutral,N
3636,D281E,0.24937750000000009,0.7781845803013255,neutral,N
3639,D281H,0.736905,0.9949993640324599,neutral,N
3640,R282G,2.2815624999999997,0.42935720282621326,destabilizing,N
3643,R282L,-0.15783999999999998,0.40379498220012594,neutral,N
3647,R282W,4.5637975,2.7361077541132675,highly destabilizing,N
3648,R282P,9.0116725,1.4837556650671127,highly destabilizing,N
3654,R282Q,1.6236675,0.22352400434573017,destabilizing,N
3660,R283G,1.5124775000000001,0.2169059373755131,destabilizing,N
3663,R283L,0.28801,0.3748010006656866,neutral,N
3668,R283P,5.582707500000001,2.3979311126091067,highly destabilizing,N
3669,R283S,0.83071,0.10555485990706444,neutral,N
3671,R283C,1.1810925,0.22763191531230847,neutral,N
3679,R283H,0.7514425,0.17744895003563702,neutral,N
3681,T284A,-0.45963750000000003,0.11339919474471591,neutral,N
3684,T284I,-0.6334974999999999,0.22442930205022252,neutral,N
3688,T284P,4.321095000000001,1.9711910930767218,highly destabilizing,N
3689,T284S,0.22790749999999999,0.7530953100828274,neutral,N
3700,E285G,1.2157125,0.6565555311386464,destabilizing,N
3701,E285A,-0.16421250000000004,0.2944352147226109,neutral,N
3702,E285V,0.53869,0.9195255048665046,neutral,N
3714,E285Q,-0.20849,0.2237979634625838,neutral,N
3715,E285D,1.0399775,0.3837382839498165,neutral,N
3717,E285K,0.1629875,1.0551701877985133,neutral,N
3720,E286G,2.6604025,0.863748843396476,destabilizing,N
3721,E286A,1.3234225,0.667848743293532,destabilizing,N
3722,E286V,1.244955,0.6245299445783205,destabilizing,N
3734,E286Q,-0.234275,0.5851316894725495,neutral,N
3735,E286D,1.3049724999999999,0.7654564199670351,destabilizing,N
3737,E286K,1.124835,0.8492394958284735,neutral,N
3740,E287G,-0.33292,0.306699198319787,neutral,N
3741,E287A,-0.247465,0.32042049360956926,neutral,N
3742,E287V,0.0876875,0.25814555500482667,neutral,N
3754,E287Q,-0.31526,0.634040778538731,neutral,N
3755,E287D,0.5644374999999999,0.28711538990230046,neutral,N
3757,E287K,-0.62527,0.3109283690016078,neutral,N
3769,N288S,0.13871,0.1829063756406539,neutral,N
3772,N288Y,-0.03148499999999998,0.571043381035977,neutral,N
3775,N288D,0.7641425000000001,0.16247896561939948,neutral,N
3777,N288K,-0.1618275,0.47548020533850827,neutral,N
3779,N288H,0.29426749999999996,0.6684202249100112,neutral,N
3782,L289V,1.0507225,0.4725624793810338,neutral,N
3786,L289F,0.7455075,0.43809713691001223,neutral,N
3788,L289P,4.25086,2.7038802679760066,highly destabilizing,N
3798,L289R,0.3307675,0.6808168471173066,neutral,N
3863,S94L,4.533177499999999,1.9974593951989987,highly destabilizing,N
3868,S94P,2.5099475,1.1728952792209328,destabilizing,N
3870,S94T,1.7934,0.9791300096258924,destabilizing,N
3886,S95F,0.6957199999999999,2.042351128785156,neutral,N
3906,S96F,-0.4279425,0.24190507522321644,neutral,N
3908,S96P,3.12169,2.2417023664617033,highly destabilizing,N
3911,S96C,0.1845525,0.5700727608987732,neutral,N
3912,S96Y,-0.47033499999999995,0.09607066943141385,neutral,N
3921,V97A,2.07172,0.5841889456331744,destabilizing,N
3924,V97I,-0.30954000000000004,0.3722839899189864,neutral,N
3926,V97F,2.0799149999999997,0.5962099529737827,destabilizing,N
3935,V97D,1.6548874999999998,0.38795483264002517,destabilizing,N
3943,P98L,1.1864824999999999,0.5969944570670234,neutral,N
3949,P98S,2.7728325,0.4259727243835572,destabilizing,N
3950,P98T,2.44522,0.3789192666650773,destabilizing,N
3959,P98H,1.79512,0.9014260205086161,destabilizing,N
3966,S99F,0.21574500000000002,0.1514237957686968,neutral,N
3968,S99P,-0.5269299999999999,0.41884330279950754,neutral,N
