Mutation,Binding_energy
PB151H,0.0
AB189G,0.0
GB105C,0.0
RB202H,0.0
TB230I,0.0
FB109S,0.0
CB135Y,0.019037999999999933
RB209G,0.0
YB234C,0.0
NB235K,0.0
LB252P,0.0022059999999999745
IB195F,0.0
CB238W,0.005137999999999821
IB232F,0.0
TB253I,0.0
HB233D,0.0
TB253S,0.0
VB143E,0.0
VB218E,0.0
YB234Q,0.0
QB144P,0.0
FB113C,0.0
VB216E,0.0
CB277F,2.7558759999999998
NB200D,0.0
PB142A,0.0
CB176F,-0.1774139999999999
LB265R,0.0
TB155N,0.0
TB231P,0.0
PB250T,-0.0269420000000002
AB161S,0.0
KB132I,0.7976219999999999
SB99P,0.0
VB216M,0.0
DB259S,0.0
GB112C,0.0
QB192L,0.0
YB234S,0.0
RB249K,-0.015948000000000385
VB274C,0.021524000000000144
KB139N,-0.005430000000000134
YB236F,0.0
MB246I,-0.006924000000000241
DB281H,0.002427999999999919
TB140I,0.0
KB132T,0.58436
GB154R,0.0
TB150R,0.0
TB170R,0.0
VB274G,0.0339220000000001
GB245I,0.005651999999999902
RB273L,0.6186879999999999
EB204G,0.0
PB219C,0.0
TB230N,0.0
AB276F,-1.1819200000000003
DB228A,0.0
IB254M,0.0
GB279D,0.029825999999999908
PB92H,0.0
LB111R,0.0
DB148N,0.0
YB163N,0.0002460000000001017
GB266K,0.0
MB133K,0.00524599999999964
QB192K,0.0
VB216G,0.0
LB289R,0.04008399999999988
FB270C,0.0
RB283G,-0.06112199999999994
PB142L,0.0
SB185R,0.0
SB95T,0.0
LB137M,-0.20472600000000013
TB118R,0.0979680000000002
WB146R,0.0
VB217M,0.0
VB216W,0.0
GB245D,-0.015830000000000233
GB245H,0.00022000000000002017
EB204V,0.0
SB96F,0.0
RB175H,0.0
PB98H,0.0
DB208H,0.0
YB103H,0.0
DB259I,0.0
FB109I,0.0
GB245F,0.008527999999999914
LB194F,-0.003486000000000189
EB285K,0.8400780000000003
SB261T,0.0
FB134L,0.055612000000000175
GB187C,0.0
PB151T,0.0
CB242R,0.17538400000000004
NB200I,0.0
NB247D,0.04703400000000002
HB168L,0.0
SB260P,0.0
CB238R,0.02418599999999973
RB267G,0.0
CB277S,0.17030799999999982
SB185G,0.0
DB281N,0.5809699999999998
DB148A,0.0
HB178Q,0.0
GB199I,0.0
SB261I,0.0
QB192H,0.0
RB158L,0.0
PB152K,0.0
MB237K,0.0
RB280K,3.084088
YB205H,0.0
MB237I,0.0
EB204D,0.0
HB214Q,0.0
TB253D,0.0
HB168Y,0.0
TB155A,0.0
RB273S,0.4572239999999999
NB235H,0.003982000000000064
PB190R,0.0
GB199E,0.0
YB236L,0.0
VB216L,0.0
PB222Q,0.0
GB105V,0.0
RB175P,0.0
EB286D,-0.015423999999999794
RB181P,0.0
GB105D,0.0
CB176S,0.0
RB174S,0.0
NB263H,0.0
GB154S,0.0
VB225F,0.0
QB104L,0.0
SB166G,0.0
EB221D,0.0
VB217G,0.0
YB234H,0.0
SB260A,0.0
SB99F,0.0
GB154V,0.0
TB155F,0.0
TB170M,0.0
SB185C,0.0
RB202P,0.0
RB213Q,0.0
TB155I,0.0
GB105F,0.0
FB134S,0.1901399999999997
SB96P,0.0
AB276G,0.76769
AB119T,-0.1395439999999999
GB279A,0.14126200000000022
FB113G,0.0
LB137P,0.05892800000000005
EB171V,0.0020419999999997883
PB278R,0.249822
TB253N,0.0
FB134Y,0.6125160000000003
HB168P,0.0
DB207G,0.0
NB239T,-0.5197900000000001
DB148E,0.0
FB270S,0.0
HB179N,-3.3999999999956286e-05
TB125R,0.015398000000000245
GB199V,0.0
EB258D,0.0
RB273Y,0.017727999999999966
CB275G,0.22522199999999995
SB95F,0.0
CB277G,0.19574400000000036
SB241V,1.565024
HB178L,0.0
RB249T,-0.011284000000000027
YB220H,0.0
IB232V,0.0
AB129D,-0.005421999999999904
PB177S,0.0
YB126N,0.0
AB138D,0.0
AB119D,0.030358000000000017
QB165K,0.026813999999999893
EB171K,0.0020459999999998145
RB110L,0.0
PB190S,0.0
HB214Y,0.0
RB248H,-0.5528379999999998
LB257V,0.0
DB184N,0.0
DB207Y,0.0
VB143M,0.0
FB212C,0.0
SB269G,0.0
VB217E,0.0
IB254V,0.0
CB277Y,2.1704040000000004
NB247F,0.016592000000000162
PB92A,0.0
IB251L,0.0
RB273V,0.4944740000000003
QB136L,0.02893599999999985
GB154I,0.0
HB178N,0.0
MB133T,0.0
MB246V,0.0015459999999999142
VB172A,0.0
TB118A,0.007807999999999993
RB209T,0.0
PB190T,0.0
AB276D,0.5559520000000001
PB191R,0.0
FB212V,0.0
RB110H,0.0
EB287Q,0.11694999999999958
TB230P,0.0
VB97D,0.0
AB129T,0.0
GB244D,-0.0007120000000002235
DB207N,0.0
LB265Q,0.0
PB222S,0.0
MB237L,0.0
YB205N,0.0
SB227C,0.0
AB276P,7.618356
SB94L,0.0
PB142F,0.0
PB153H,0.0
LB206F,0.0
RB267L,0.0
KB132N,0.7748279999999997
IB195T,0.0
YB220X,0.0
RB283L,-0.049038000000000005
LB130H,0.0
AB161P,0.0
YB220N,0.0
RB282W,-0.0234359999999997
VB272E,-0.04257400000000029
EB286K,0.027271999999999963
DB228N,0.0
AB276V,0.002000000000000135
PB278L,0.14177599999999976
TB284P,-0.1993080000000001
QB167R,0.003570000000000029
EB287G,0.11694999999999958
IB162S,0.0
HB178Y,-0.0023020000000000705
PB222A,0.0
LB264P,0.0
VB272L,-0.005860000000000198
PB151R,0.0
YB205D,0.0
CB242Y,0.04126599999999989
DB228Y,0.0
PB278H,0.04618399999999969
PB151F,0.0
QB192R,0.0
QB165E,-0.0391
LB265T,0.0
LB252F,0.005647999999999875
DB208V,0.0
VB143A,0.0
VB225I,0.0
MB237V,0.0
NB288H,0.28421
CB182R,0.0
RB181S,0.0
NB210K,0.0
TB140N,7.599999999996498e-05
RB174W,0.0
SB185T,0.0
GB199T,0.0
FB212I,0.0
RB273H,0.986982
WB146G,0.0
RB156G,0.0
TB118I,0.0017440000000000567
IB254S,0.0
SB127Y,0.02372999999999994
EB224Q,0.0
PB191T,0.0
NB288K,-0.4031420000000002
LB264V,0.0
GB262R,0.0
DB186X,0.0
PB278A,-0.04584799999999998
YB205C,0.0
SB261G,0.0
DB186E,0.0
EB224G,0.0
NB268K,0.0
MB160I,0.0
VB203E,0.0
SB260T,0.0
EB171Q,0.00228799999999989
SB261R,0.0
TB256A,0.0
RB280I,3.2051600000000002
GB245V,0.008379999999999832
PB152A,0.0
SB269R,0.001474000000000153
GB105S,0.0
QB167L,0.0
RB283H,-0.028068000000000204
MB133L,0.0
IB195S,0.0
PB222T,0.0
RB248Y,0.10210399999999975
SB261N,0.0
VB197L,0.0
GB262C,0.0
QB165P,0.0
RB110P,0.0
DB208E,0.0
HB179D,-0.0042960000000000775
WB91S,0.028500000000000015
TB211N,0.0
LB93M,0.0
RB156S,0.0
TB102I,0.0
LB201F,0.0
PB177I,0.0
HB193Q,0.0
CB182Y,0.0
VB218G,0.0
VB147A,0.0
MB243K,0.1354799999999999
YB220D,0.0
PB219H,0.0
KB120M,0.5727479999999998
MB246L,0.0013199999999999434
LB194V,0.0
LB130V,0.0027000000000001025
PB250N,-0.001378000000000057
DB207A,0.0
IB254L,0.0
SB215K,0.0
NB200K,0.0
EB287K,0.15470599999999984
RB209S,0.0
DB186V,0.0
SB215T,0.0
TB170A,0.0
NB247S,-0.08218600000000009
VB225A,0.0
RB202C,0.0
CB277W,1.9066859999999999
DB281R,1.5943160000000003
EB224K,0.0
EB224V,0.0
CB238G,0.0
PB250F,-0.09548600000000018
RB273N,0.5567460000000001
IB254D,0.0
SB215R,0.0
PB222L,0.0
LB111P,0.0
RB181C,0.0
GB266R,0.0
MB243V,0.32443600000000006
TB256S,0.0
TB155P,0.0
VB274A,0.03837799999999998
GB279W,0.26044999999999996
NB239H,-0.1872540000000001
LB111Q,0.0
PB128F,0.0
QB136K,0.06982200000000027
YB234N,0.0
RB283C,-0.04686199999999996
PB152T,0.0
TB230A,0.0
HB233Q,0.0
VB272K,0.031264
CB176Y,-0.3487080000000001
YB107S,0.0
PB153S,0.0
CB182W,0.0
YB236C,0.0
IB251T,0.0
VB147G,0.0
SB227Y,0.0
PB128R,0.0
EB258L,0.0
SB121Y,-0.0435159999999998
RB174K,0.0
RB282L,-0.027555999999999692
SB241C,0.5464420000000001
LB93V,0.0007260000000000489
MB243I,0.2741880000000002
PB142R,0.0
PB153L,0.0
PB190H,0.0
VB274I,0.027264000000000087
CB277R,1.3809600000000002
GB245N,0.0
LB145V,0.0
GB154D,0.0
DB184A,0.0
DB184V,0.0
EB198K,0.0
RB213L,0.0
IB255V,0.0
SB215I,0.0
SB240C,0.009392000000000244
MB169K,0.0
IB195L,0.0
CB141A,0.0
VB216A,0.0
SB240F,1.40199
PB278S,-0.06529000000000007
AB276T,1.0256099999999997
DB208G,0.0
LB257Q,0.0
CB238Y,0.003833999999999982
GB266T,0.0
GB226V,0.0
LB201S,0.0
IB162T,0.0
CB135F,0.022377999999999964
IB195M,0.0
NB210I,0.0
HB214L,0.0
GB226A,0.0
EB258Q,0.0
YB103C,0.0
LB111V,0.0
GB112A,0.0
CB141Y,0.0
GB105R,0.0
IB162M,0.0
NB268S,0.0
CB124W,0.01186600000000002
AB138S,0.0
HB193N,0.0
EB204K,0.0
DB208I,0.0
VB157L,0.0
NB210H,0.0
GB245R,0.003389999999999915
PB250Q,-0.004279999999999973
MB160L,0.0
LB188P,0.0
SB149Y,0.0
PB250H,-0.08963000000000002
CB238S,1.9999999999242845e-06
FB270Y,0.0
EB198Q,0.0
RB196L,0.0
VB217L,0.0
MB169L,0.0
RB181Y,0.0
RB213P,0.0
RB174M,0.0
YB236N,0.0
VB225L,0.0
GB245S,0.0
RB213W,0.0
EB286V,0.054288000000000024
PB219L,0.0
EB198D,0.0
PB177H,0.0
PB190L,0.0
GB245E,-0.03046400000000009
HB179P,-3.3999999999956286e-05
CB141W,0.0
GB154C,0.0
TB125M,-0.008344000000000129
DB208N,0.0
DB259E,0.0
GB266E,0.0
CB135R,0.03053600000000003
CB135W,0.00807999999999982
KB164M,-0.01797399999999989
EB204A,0.0
RB158G,0.0
PB128A,0.0
VB172I,0.0
AB138V,-0.004575999999999958
RB110C,0.0
PB153A,0.0
PB177T,0.0
HB214A,0.0
RB280S,3.0794660000000005
AB129G,0.0018979999999999108
TB284S,-0.12213600000000006
TB284A,-0.10897000000000005
YB220S,0.0
LB289H,0.0
KB132Q,0.019540000000000113
NB235T,0.0
SB227T,0.0
RB267P,0.0
EB180G,0.0
NB268F,0.0
VB217A,0.0
HB168V,0.0
SB96Y,0.0
KB101R,0.0
AB276S,0.9602039999999998
EB258G,0.0
NB268I,0.0
EB171D,0.002405999999999864
HB179L,-0.0007119999999998683
RB248Q,-0.5059700000000001
YB163H,0.0
AB159P,0.0
VB197G,0.0
NB235D,0.0
RB248L,-0.28040400000000004
TB256P,0.0
NB263S,0.0
PB98L,0.0
QB136P,-0.012623999999999923
RB158C,0.0
GB245L,0.003589999999999982
RB248W,-0.480874
IB232T,0.0
LB194R,0.04158400000000029
RB249M,-0.020714000000000253
DB207E,0.0
VB157D,0.0
HB233L,0.0
VB272A,0.006651999999999702
RB174G,0.0
SB240P,0.2372960000000001
MB243R,-0.0021620000000000415
QB144K,0.0
SB149T,0.0
RB283S,-0.06255400000000008
GB112D,0.0
VB197E,0.0
TB211I,0.0
LB130F,0.006265999999999927
HB214R,0.0
GB187V,0.0
YB234F,0.0
FB109Y,0.0
AB189T,0.0
KB139E,-0.005336000000000141
CB242G,0.04481999999999964
EB286G,0.041068000000000104
IB162F,0.0
LB145M,0.0
MB169V,0.0
SB183L,0.0
GB187S,0.0
GB187R,0.0
SB227F,0.0
SB183P,0.0
DB259H,0.0
YB234D,0.0
HB168R,0.0047519999999998674
NB288Y,-0.01852200000000028
FB109V,0.0
AB119G,-0.10740000000000016
VB147F,0.0
DB228E,0.0
DB186H,0.0
TB155S,0.0
NB131I,0.0
EB204Q,0.0
RB273Q,0.5748779999999997
SB116C,0.0
PB128S,0.0
CB229G,0.0
FB109C,0.0
YB126S,0.0
KB164R,0.01713799999999992
CB275W,2.8903519999999996
YB126C,0.0
AB129S,0.0
EB221G,0.0
IB255N,0.0
DB259Y,0.0
VB147D,0.0
GB108C,0.0
TB170P,0.0
LB188V,0.0
SB106R,0.0
FB270L,0.0
PB142S,0.0
NB263D,0.0
SB127C,-0.0015019999999999812
GB112S,0.0
GB266V,0.0
PB177L,0.0
IB195K,0.0
CB135T,0.0
DB259A,0.0
PB153F,0.0
LB137V,-0.02018200000000032
KB132W,0.5323500000000001
LB289V,0.0
PB92L,0.0
NB131T,0.0
DB281Y,2.240932
HB193R,0.0
YB205S,0.0
EB271Q,0.07757400000000007
CB141F,0.0
RB158P,0.0
HB214D,0.0
HB168Q,0.0
EB198G,0.0
NB235I,0.007976000000000028
AB161N,0.0
DB281G,1.480278
DB148G,0.0
EB258V,0.0
LB130I,0.0006559999999998567
TB123I,0.009203999999999901
PB191H,0.0
AB161D,-0.011151999999999874
RB181L,0.0
NB200S,0.0
NB239Y,-0.5225440000000001
CB275Y,2.1443780000000006
LB145R,0.0
RB158H,0.0
NB263I,0.0
EB285V,0.8406
PB250S,0.0007299999999997198
DB148V,0.0
CB242F,0.0968119999999999
LB265P,0.0
LB194H,-0.003594000000000008
RB280G,3.2147959999999998
NB131H,0.0
VB197R,0.0
TB102A,0.0
EB286A,0.048963999999999966
GB244V,-0.13997199999999985
VB147E,0.0
SB240T,-0.03140400000000003
KB164Q,-0.02053799999999999
PB250L,-0.08333799999999983
VB218L,0.0
IB254T,0.0
PB191S,0.0
RB249W,0.02344199999999965
EB286Q,0.03273000000000028
GB266A,0.0
TB125I,-1.4000000000002898e-05
PB223A,0.0
RB249V,-0.011567999999999934
RB110G,0.0
IB251V,0.0
YB107D,0.0
CB124G,0.0
TB256I,0.0
CB229S,0.0
EB180Q,0.0
SB241T,0.07917799999999993
KB139Q,-0.005269999999999974
SB116F,8.199999999991547e-05
TB140S,0.0
WB146C,0.0
DB186N,0.0
RB249G,-0.01157199999999996
NB288T,-0.01852200000000028
IB255F,0.0
YB126H,0.0
QB136H,-0.009545999999999921
AB189P,0.0
DB228V,0.0
PB223T,0.0
SB127T,-0.004083999999999932
CB182S,0.0
VB157F,0.0
IB232S,0.0
RB196Q,0.0
RB181G,0.0
RB202S,0.0
DB259F,0.0
CB176L,0.0
CB275S,-0.22293599999999997
DB281A,1.4082320000000002
EB271P,0.06574400000000011
KB164T,-0.011720000000000041
GB245C,0.0
SB241A,0.52369
PB151S,0.0
MB237T,0.0
SB260F,0.0
AB189V,0.0
NB131D,-0.004645999999999972
LB188M,0.0
SB269I,-0.00014199999999995328
RB248G,0.3296380000000001
TB125P,-1.4000000000002898e-05
CB141R,0.01880199999999963
SB166I,0.0
PB190F,0.0
PB223S,0.0
VB143L,0.0
FB212S,0.0
SB241Y,-0.014049999999999941
PB98S,0.0
IB251F,-0.015129999999999555
RB249I,-0.005234000000000271
LB114S,0.0
GB117E,-0.0032420000000000114
SB227P,0.0
VB97I,0.0
RB283P,-0.08703799999999991
TB150A,0.0
LB188Q,0.0
DB281E,-0.29028600000000004
LB289P,1.4000000000002898e-05
AB138T,-0.0005559999999999121
NB131Y,0.0
LB145Q,0.0
HB193D,0.0
TB140A,0.0
SB241P,1.7206240000000002
WB146S,0.0
CB135S,-0.0018799999999998818
AB161V,0.0
CB176V,0.0
AB129V,0.0
EB224D,0.0
YB220L,0.0
SB121T,0.3162400000000002
PB191A,0.0
PB151A,0.0
VB274L,-0.010525999999999768
TB170S,0.0
LB201V,0.0
LB264R,0.0
AB119V,0.21582799999999977
VB172F,0.0
CB124L,0.0
DB184Y,0.0
GB244S,0.0
RB248C,-0.19768600000000003
MB133R,0.01159599999999994
PB92T,0.0
RB280P,3.5733760000000006
PB151L,0.0
HB179R,0.0007379999999997721
MB243L,0.18932600000000016
FB134I,0.03561000000000014
QB136E,-0.10275600000000011
RB273P,0.484282
EB271R,0.11683999999999983
EB271D,0.0037719999999998423
VB225G,0.0
RB209I,0.0
QB104H,0.0
SB96C,0.0
VB173G,0.0
YB236H,0.0
VB157E,0.0
NB235Y,0.003982000000000064
LB194P,0.0
SB260Y,0.0
RB202G,0.0
CB275R,2.9033700000000002
GB279E,-0.035760000000000146
TB230S,0.0
SB166T,0.0
NB239D,0.006118000000000024
CB141G,0.0
VB203A,0.0
LB265M,0.0
IB195N,0.0
IB254N,0.0
EB285A,0.8345579999999998
CB141S,0.0
PB223L,0.0
LB289F,0.0
TB211P,0.0
NB288S,-0.019110000000000404
SB166A,0.0
RB213G,0.0
AB159I,0.0
EB171A,0.0022819999999999395
VB157I,0.0
RB181H,0.0
DB148H,0.0
LB145P,0.0
EB180K,0.0
YB163S,5.999999999950489e-06
NB239I,0.29136799999999996
VB143G,0.0
RB282G,-0.022851999999999963
RB209K,0.0
DB186Y,0.0
LB137Q,-0.023816000000000413
NB247Y,-0.8957060000000002
TB155L,0.0
RB158S,0.0
DB228G,0.0
VB157A,0.0
CB242S,-0.003160000000000096
MB246T,0.0031660000000000464
VB172G,0.0
EB258K,0.0
SB127P,0.004283999999999999
RB273G,0.41665600000000025
MB169T,0.0
DB184C,0.0
FB113L,0.0
RB175S,0.0
PB92S,0.0
CB135G,0.003910000000000302
SB215C,0.0
PB190N,0.0
QB144R,0.0
NB210D,0.0
DB259N,0.0
GB279V,0.34611600000000015
RB267Q,0.0
SB241F,-0.1265900000000002
SB269N,0.0
SB149F,0.0
PB250A,0.0
NB288D,-0.06599800000000008
CB242W,-0.12710600000000022
MB237R,0.0
HB214P,0.0
TB231S,0.0
LB252H,0.0015379999999998617
EB287D,0.054517999999999844
LB114F,0.0
MB160N,0.0
QB165L,0.0
FB270V,0.0
VB218M,0.0
PB153T,0.0
KB164E,-0.04397600000000015
GB262S,0.0
CB124R,0.003982000000000064
MB133I,0.0
YB236D,-0.026020000000000286
TB125K,0.02201000000000004
SB116P,0.0
TB211A,0.0
SB240G,0.1887959999999998
HB179Y,-0.0048479999999999634
AB159T,0.0
KB139T,-0.007955999999999897
GB199A,0.0
EB287A,0.11725999999999974
SB94P,0.0
GB117V,0.0
HB168D,-0.009762000000000447
RB174T,0.0
YB234R,0.0
NB200T,0.0
GB245Y,0.008051999999999993
CB176R,-0.12563000000000013
PB250R,0.11696000000000009
NB210Y,0.0
IB251M,0.00030199999999975803
HB193Y,0.0
KB164N,-0.015307999999999922
TB102P,0.0
VB274D,-0.06338599999999986
CB124F,0.0
LB130P,0.0010500000000000398
RB175G,0.0
VB197M,0.0
SB240I,0.10019600000000004
NB247T,-0.16385399999999972
TB253P,-0.001515999999999984
DB259V,0.0
VB97A,0.0
KB132R,0.32007800000000036
AB138P,9.999999999976694e-06
PB152L,0.0
GB154A,0.0
EB180D,0.0
GB117R,0.0
IB162V,0.0
IB251S,0.0
IB255S,0.0
TB231N,0.0
SB240R,0.751502
DB148Y,0.0
EB285Q,0.840124
RB248P,0.2868739999999999
CB124Y,0.0
SB127F,0.03259399999999992
IB232N,0.0
EB271K,0.09760000000000027
SB94T,0.0
KB120R,0.6742439999999998
VB173R,0.0
NB235M,0.003982000000000064
MB133V,0.0
SB185I,0.0
HB115Y,0.0
DB184E,0.0
TB150I,0.0
RB196P,0.0
SB215N,0.0
SB116A,0.0
DB186G,0.0
VB173M,0.0
YB126D,-0.01525199999999991
RB175L,0.0
EB271G,0.12225400000000004
HB233Y,0.0
VB122L,-0.012610000000000454
SB261C,0.0
TB256R,0.0
HB193L,0.0
QB167H,0.0
PB152R,0.0
IB232L,0.0
PB219S,0.0
EB285G,0.8345519999999998
SB121F,-1.1357959999999998
SB215G,0.0
VB203M,0.0
VB218A,0.0
QB144H,0.0
CB124S,0.0
HB168N,0.0
NB235S,0.0
KB101N,0.0
VB173Q,0.004406000000000176
DB208Y,0.0
SB166L,0.0
GB244F,-0.1045379999999998
GB262D,0.0
VB272G,0.013531999999999832
KB120Q,1.4728940000000001
GB226D,0.0
TB284K,-0.28476399999999985
VB157G,0.0
EB258A,0.0
PB278F,0.021584000000000002
SB166P,0.0
RB156L,0.0
HB233R,0.0
TB150K,0.0
MB160R,0.0
FB109L,0.0
HB178D,0.0
LB257R,0.0
VB274F,-0.009113999999999933
KB132M,0.7763859999999999
HB178P,0.0
YB220C,0.0
RB267W,0.0
EB171G,0.002538000000000018
EB198V,0.0
KB132E,0.3784980000000003
GB262V,0.0
YB107C,0.0
GB108S,0.0
LB289I,0.0
PB223H,0.0
AB159S,0.0
FB212Y,0.0
DB184H,0.0
TB125A,-1.4000000000002898e-05
GB244A,0.0
GB117A,0.0
CB176G,0.0
PB142T,0.0
MB169I,0.0
YB236S,0.0
RB174H,0.0
SB185N,0.0
VB217I,0.0
NB268H,0.0
PB223R,0.0
FB113V,0.0
RB273C,0.4376939999999999
RB280T,3.061304
DB184G,0.0
AB161F,0.0
EB287V,0.09685799999999975
QB100K,0.0
AB189D,0.0
RB249S,-0.011284000000000027
GB108A,0.0
GB199R,0.0
RB282P,-0.04376200000000008
VB173W,0.0
PB219T,0.0
SB269C,0.0
RB202L,0.0
KB120E,1.6278959999999998
GB199K,0.0
GB105A,0.0
LB130R,0.0941340000000002
IB251N,0.0
NB131K,0.0
EB221V,0.0
PB142H,0.0
PB190A,0.0
KB120N,1.6762819999999998
CB238F,0.014714000000000027
GB244R,0.0
RB196G,0.0
CB229W,0.0
VB203L,0.0
GB108D,0.0
GB279R,1.2061379999999997
WB146L,0.0
RB158F,0.0
YB163F,0.0
CB229R,0.0
YB107Q,0.0
MB160V,0.0
RB175C,0.0
MB246K,0.03888400000000001
DB281V,1.2809880000000002
VB173A,0.0
RB156P,0.0
HB233P,0.0
LB194I,0.0
YB107H,0.0
YB163C,0.0
GB262H,0.0
AB161G,0.0
PB128L,0.0
RB110S,0.0
TB256K,0.0
IB232M,0.0
LB257P,0.0
AB159D,0.0
LB264I,0.0
MB246R,0.20151400000000005
DB228H,0.0
GB226S,0.0
CB275F,1.107338
PB278V,-0.057453999999999894
NB200Y,0.0
LB265V,0.0
NB239K,-0.13491
NB239S,-0.4586379999999998
GB244C,0.0
QB144L,0.0
LB264Q,0.0
AB159V,0.0
VB173E,-0.014740000000000109
GB244E,-0.0007460000000000022
QB167E,-0.00408400000000011
RB156C,0.0
AB161T,0.0
PB278T,-0.06375799999999998
RB156H,0.0
SB149P,0.0
MB160T,0.0
DB281P,1.858242
CB176W,-0.30008
LB111M,0.0
SB106I,0.0
YB205F,0.0
NB210S,0.0
PB152Q,0.0
IB254F,0.0
GB266S,0.0
QB167K,0.002005999999999908
RB174N,0.028500000000000015
TB170K,0.0
DB259G,0.0
LB201P,0.0
MB243T,0.27431799999999973
VB272M,-0.01485599999999998
FB113P,0.0
QB165R,0.05555400000000006
EB271V,0.07464399999999997
NB268Y,0.0
TB140P,0.0
YB163D,-0.02187800000000024
SB269T,0.0
VB147I,0.0
PB177R,0.0
PB191L,0.0
GB245A,0.0
NB247I,-0.06263000000000005
GB187D,0.0
AB189S,0.0
PB219R,0.0
FB134C,0.05501199999999997
QB136R,0.16527199999999986
FB134V,0.10304199999999994
CB229Y,0.0
VB197A,0.0
IB255T,0.0
FB113I,0.0
TB211S,0.0
VB97F,0.0
QB165H,0.0
IB162N,0.0
KB139R,-0.005510000000000126
PB152S,0.0
RB282H,0.031241999999999947
PB177F,0.0
EB221K,0.0
HB193P,0.0
NB210T,0.0
IB255M,0.0
TB253A,0.0
RB282Q,-0.025473999999999643
TB284I,-0.24231999999999995
HB179Q,-3.3999999999956286e-05
IB195V,0.0
PB98F,0.0
NB263K,0.0
VB172D,0.0
TB231A,0.0
EB285D,0.690718
NB131S,0.0
FB270I,0.0
PB98T,0.0
CB229F,0.0
FB113S,0.0
WB91C,0.028500000000000015
VB173L,-1.5999999999927185e-05
SB260C,0.0
VB225D,0.0
MB160K,0.0
FB212L,0.0
NB247K,-0.15832999999999994
KB120T,0.36392599999999986
TB231I,0.0
